StockOptionLevel,MonthlyIncome,Department_Research & Development,JobSatisfaction,MaritalStatus_Married,YearsInCurrentRole,Age,TotalWorkingYears,MonthlyRate,HourlyRate,DistanceFromHome,DailyRate,EnvironmentSatisfaction,JobInvolvement,YearsWithCurrManager,RelationshipSatisfaction,YearsAtCompany,EducationField_Medical,JobLevel,WorkLifeBalance,PercentSalaryHike,NumCompaniesWorked,TrainingTimesLastYear,Education,EducationField_Life Sciences
0,9980,0,4,0,3,36,10,15318,32,10,635,2,3,7,4,10,1,3,2,14,1,3,4,0
0,5228,0,2,1,12,32,13,24624,65,8,588,3,2,9,4,13,0,2,3,11,1,2,2,0
1,2942,1,3,1,4,56,18,12154,63,9,1240,1,3,3,2,5,1,1,3,19,2,4,3,0
1,4900,1,3,1,9,57,13,2721,93,1,405,2,4,8,1,12,0,2,2,24,0,2,2,1
1,14118,0,4,0,0,57,32,22102,56,29,210,1,2,0,3,1,0,4,2,12,3,3,3,0
0,2342,1,4,0,2,40,5,22929,86,2,804,4,2,3,4,4,1,1,2,20,0,2,1,0
1,1790,0,1,1,0,23,1,26956,33,9,638,4,3,0,1,1,0,1,2,19,1,3,3,0
0,7005,1,4,1,3,53,11,3458,48,24,1395,2,4,2,3,4,1,3,3,15,3,2,4,0
0,2440,1,2,0,3,38,4,23826,42,2,148,4,2,3,2,4,1,1,3,22,1,3,3,0
1,2143,0,2,1,2,36,8,25527,36,13,1041,3,3,4,2,5,0,1,3,13,4,2,3,0
1,7918,0,4,1,10,29,11,6599,42,1,1413,2,3,1,4,11,1,3,3,14,1,5,1,0
1,13206,1,3,1,16,38,20,3376,99,10,201,2,1,11,1,18,1,3,3,12,3,3,3,0
0,8633,1,3,0,14,47,25,13084,84,25,1180,1,3,11,2,17,1,3,3,23,2,3,3,0
1,4883,1,3,1,4,32,10,22845,79,7,1089,4,3,1,1,10,0,2,3,18,1,3,2,1
0,5208,1,1,1,15,35,16,26312,48,18,819,2,4,10,4,16,0,2,3,11,1,2,5,1
0,6499,1,2,0,5,36,6,22656,95,11,1195,2,2,3,3,6,0,2,3,13,1,3,3,1
0,4284,1,1,0,3,49,20,22710,97,28,1475,1,2,3,1,4,0,2,3,20,3,2,2,1
0,4381,1,1,0,5,34,6,7530,86,2,121,3,2,3,3,6,1,1,3,11,1,3,4,0
0,4534,1,3,0,7,39,9,13352,32,18,524,1,3,7,1,8,0,2,3,11,0,6,2,1
0,8474,1,3,0,8,30,12,20925,88,1,829,3,2,8,3,11,0,3,3,22,1,2,1,1
0,10596,0,2,1,2,51,14,15395,52,2,541,2,3,2,2,4,0,3,3,11,2,5,3,0
0,3506,1,3,1,2,35,4,6020,66,6,735,3,3,2,4,3,0,1,3,14,0,3,1,1
0,5405,0,1,0,2,60,10,11924,84,16,1179,1,3,2,4,2,0,2,3,14,8,1,4,0
2,6728,0,3,0,3,50,12,14255,94,1,878,2,3,1,4,6,0,2,3,12,7,3,4,1
1,2132,1,4,1,4,45,8,4585,97,28,950,4,3,3,4,5,0,1,3,20,4,3,3,0
0,7260,1,4,0,4,56,37,21698,49,7,1400,4,1,2,1,6,0,3,2,11,4,3,3,1
1,8578,1,4,0,8,46,12,19989,82,2,706,4,3,7,3,9,0,3,2,14,3,4,2,1
3,2766,1,2,0,3,42,7,8952,57,12,855,2,3,4,2,5,1,1,2,22,8,6,3,0
1,10883,1,4,0,0,60,19,20467,92,1,370,3,1,0,3,1,1,3,4,20,3,2,4,0
0,4194,0,1,1,3,25,5,14363,98,3,141,3,3,3,4,5,0,2,3,18,1,3,1,0
1,2706,0,4,0,2,28,3,10494,43,1,280,3,3,2,2,3,0,1,3,15,1,2,2,1
1,10169,1,4,1,7,53,34,14618,78,2,607,3,2,9,2,33,0,3,3,16,0,4,5,0
1,5151,1,1,1,0,39,10,12315,87,9,867,1,3,9,4,10,1,2,3,25,1,3,2,0
0,19665,1,2,1,10,48,29,13583,91,10,1224,4,2,9,4,22,0,5,3,12,4,3,3,1
1,6502,0,4,1,4,37,7,22825,98,6,228,3,3,1,2,5,1,2,4,14,4,5,4,0
2,5467,1,4,0,2,41,12,13953,75,22,1200,4,3,3,1,6,0,2,2,14,3,4,3,1
0,2610,0,4,0,2,21,3,2851,39,9,895,1,3,2,3,3,1,1,2,24,1,3,2,0
1,4403,0,4,0,2,32,8,9250,73,13,117,2,3,3,3,5,0,2,2,11,2,3,4,1
0,2090,1,3,0,0,37,7,2396,92,2,1373,4,2,0,2,0,0,1,3,15,6,3,2,0
3,2670,1,1,1,0,59,12,9964,81,3,1324,3,4,0,1,1,1,1,2,20,4,3,3,0
1,5210,1,1,0,9,45,24,20308,97,7,1249,1,3,11,1,24,0,3,3,18,1,2,3,1
1,2022,1,2,0,2,35,10,16612,96,25,130,4,3,8,1,10,0,1,2,19,1,3,4,1
0,3692,1,2,1,10,36,12,9256,46,3,469,3,3,7,3,11,0,1,2,12,1,2,3,0
1,8938,0,2,0,4,41,14,12227,57,3,930,3,2,4,3,5,0,2,3,11,2,5,3,1
0,13591,0,4,0,0,41,16,14674,75,6,896,4,3,0,3,1,0,3,3,18,3,3,3,1
0,2372,1,2,1,0,42,18,5628,78,7,603,2,4,0,4,1,1,2,3,16,6,2,4,0
1,6825,0,2,1,7,42,10,21173,48,8,691,3,3,2,4,9,0,2,3,11,0,2,4,0
1,2033,0,2,1,0,24,1,7103,78,13,830,4,3,0,3,1,0,1,3,13,1,2,2,1
0,8224,0,1,0,2,33,6,18385,77,9,603,1,3,3,1,5,0,2,3,17,0,3,4,0
1,5562,1,4,1,2,43,12,21782,33,1,422,4,3,2,2,5,0,2,2,13,4,2,3,1
0,4256,0,1,1,2,25,5,18154,87,4,583,3,2,3,1,5,0,2,4,12,1,1,1,0
1,2684,1,3,1,1,38,3,12127,66,10,1391,3,3,2,2,2,1,1,2,17,0,0,1,0
0,6388,1,3,0,0,33,14,22049,69,8,516,4,3,0,1,0,0,2,3,17,2,6,5,1
1,10934,0,4,1,2,53,35,20715,78,7,661,1,2,4,4,5,0,3,3,18,7,3,2,0
1,10820,1,1,1,7,43,18,11535,83,27,1082,3,3,1,3,8,0,3,3,11,8,1,3,1
1,2593,1,1,0,6,42,10,8007,56,2,269,4,2,8,3,9,1,1,3,11,0,4,3,0
1,19094,1,3,0,13,53,26,10735,58,5,1282,3,3,8,4,14,0,5,2,11,4,3,3,0
0,2119,1,1,1,7,29,7,4759,77,8,318,2,1,7,4,7,0,1,2,11,1,4,4,0
1,4335,1,3,1,7,29,11,25549,66,27,657,2,3,1,1,8,1,2,2,12,4,3,3,0
0,3022,1,2,1,0,37,8,10227,73,19,408,2,3,0,1,1,0,1,3,21,4,1,2,1
0,18172,1,2,1,3,50,28,9755,73,1,1115,1,3,7,1,8,0,5,2,19,3,1,3,1
1,4649,0,3,1,3,29,4,16928,61,2,746,4,3,2,1,4,0,2,2,14,1,3,3,1
0,13458,1,4,0,14,33,15,15146,98,1,515,1,3,12,3,15,0,3,3,12,1,1,2,1
0,16756,1,1,0,7,55,31,17323,40,2,444,3,2,2,2,9,1,4,4,15,7,3,1,0
2,12490,1,2,1,9,51,16,15736,81,8,1469,2,2,7,4,10,0,3,1,16,5,5,4,1
3,2613,1,3,0,7,30,10,22310,96,23,1312,1,1,9,3,10,0,1,2,25,1,2,3,1
1,18711,1,3,1,0,49,23,12124,85,4,1098,1,2,0,3,1,1,5,4,13,2,2,2,0
0,5067,1,3,0,10,47,20,6759,64,16,1379,3,4,7,3,19,1,2,4,19,1,3,4,0
0,2501,1,2,0,1,31,1,18775,87,1,1082,3,3,0,2,1,1,1,3,17,1,4,4,0
0,2105,1,3,0,2,47,7,5411,64,9,207,2,3,0,3,2,0,1,3,12,4,2,4,1
2,2372,1,3,0,2,58,2,26076,88,23,848,1,3,2,4,2,0,1,3,12,1,3,4,1
0,19545,1,3,1,15,41,23,16280,49,12,1360,2,3,8,4,22,0,5,3,12,1,0,3,0
0,3785,1,1,0,4,29,5,8489,73,28,468,4,2,4,2,5,1,1,1,14,1,3,4,0
3,3221,1,3,1,8,50,20,3297,74,28,1207,4,4,8,3,20,1,1,3,11,1,3,1,0
0,2837,1,2,0,2,32,6,15919,49,29,267,3,2,1,3,6,0,1,3,13,1,3,4,1
1,19049,1,4,0,7,44,23,3549,31,7,1313,2,3,10,4,22,1,5,2,14,0,4,3,0
1,2844,0,3,1,6,38,7,6004,37,1,433,3,4,0,4,7,0,1,4,13,1,2,3,0
1,2042,1,1,1,2,26,6,15346,57,2,342,1,3,2,2,3,0,1,3,14,6,2,3,1
1,10475,0,1,1,13,40,20,23772,48,5,580,4,2,12,3,18,0,3,3,21,5,2,4,1
0,2274,1,3,0,0,45,1,6153,95,2,252,2,2,0,4,1,0,1,3,14,1,3,3,1
0,10527,1,3,1,2,46,28,8984,86,18,1034,1,3,2,4,2,1,3,2,11,5,3,1,0
0,8722,1,1,0,7,28,10,12355,72,24,1366,2,2,9,1,10,0,3,2,12,1,2,2,0
3,2932,1,4,1,0,34,6,5586,97,2,181,4,4,2,1,5,1,1,3,14,0,3,4,0
2,6385,1,2,1,7,55,17,12992,62,18,135,3,3,7,4,8,1,2,3,14,3,3,4,0
0,2994,1,4,0,0,19,1,21221,57,25,265,2,4,1,4,1,0,1,3,12,1,2,3,1
1,6162,1,4,1,8,32,9,10877,33,1,427,1,3,8,2,9,1,2,3,22,1,3,3,0
2,3975,1,3,0,7,40,11,23099,81,9,663,3,3,7,3,8,0,2,4,11,3,2,4,0
3,5209,0,2,0,8,30,11,19760,63,4,1334,3,2,7,2,11,1,2,2,12,1,4,2,0
1,4171,1,3,1,2,22,4,10022,34,3,617,2,3,2,1,3,0,2,4,19,0,3,1,1
2,2259,1,3,1,0,48,13,5543,51,20,1469,4,3,0,1,0,1,1,2,17,4,2,4,0
1,16792,1,4,1,8,45,22,20462,65,2,1195,1,2,8,4,20,1,4,3,23,9,1,2,0
3,17584,1,3,1,3,53,21,21016,45,3,1070,3,3,3,4,5,1,4,2,16,3,5,4,0
1,9699,0,4,1,9,36,16,7246,48,3,541,1,2,12,1,13,1,3,3,11,4,2,4,0
1,2720,1,4,0,7,29,10,18959,76,1,806,2,1,8,4,10,0,1,3,18,1,5,4,1
3,4615,1,1,0,13,46,19,21029,74,8,1003,4,2,7,1,16,0,2,3,23,8,2,4,1
0,5003,1,3,0,2,41,8,23371,42,7,549,4,3,1,2,2,1,2,3,14,6,6,2,0
0,3140,0,2,0,3,41,4,21728,70,20,1356,2,3,2,4,4,0,1,2,22,1,5,2,0
1,13247,1,3,1,3,52,24,9731,59,28,322,4,4,2,2,5,1,4,2,11,2,3,2,0
0,7484,1,1,0,12,51,23,25796,30,1,1456,1,2,8,3,13,1,3,2,20,3,1,4,0
0,2293,1,3,0,0,26,1,10558,48,25,1357,1,1,1,3,1,0,1,2,12,1,2,3,1
0,2644,0,4,0,2,36,7,17001,70,2,1157,3,3,2,4,3,0,1,2,21,3,3,4,1
0,6673,1,1,1,0,38,17,11354,70,29,1180,2,3,0,2,1,1,2,3,19,7,2,1,0
0,5332,0,1,0,2,31,10,21602,54,2,715,4,3,3,4,5,0,2,3,13,7,3,4,0
1,5454,0,1,0,3,44,9,4009,75,1,1488,2,3,3,3,4,0,2,2,21,5,2,5,0
1,5304,0,4,0,7,30,10,25275,99,27,501,3,3,7,4,8,0,2,2,23,7,2,5,0
0,2302,0,2,0,2,31,3,8319,54,1,1060,4,3,2,1,3,0,1,4,11,1,2,3,1
0,2394,1,3,0,2,27,8,25681,51,17,135,4,3,7,4,8,0,1,3,13,1,2,4,1
0,3201,1,2,1,3,28,6,19911,67,2,1451,1,2,4,1,5,0,1,1,17,0,2,1,1
2,4377,1,3,0,2,24,5,24117,41,17,1206,4,2,2,2,4,1,2,3,15,1,6,1,0
1,3690,1,3,1,2,50,5,3425,86,1,328,3,2,2,4,3,1,1,2,15,2,2,3,0
1,5902,0,3,1,11,39,17,14590,47,4,1329,4,2,9,3,15,0,2,4,14,4,1,4,1
0,4695,1,3,0,4,30,10,12858,72,9,879,3,3,7,3,8,1,2,3,18,7,3,2,0
2,5126,1,4,1,8,30,10,15998,55,1,852,4,2,0,3,10,0,2,2,12,1,1,1,1
1,4187,0,2,0,0,29,10,3356,43,5,991,1,2,9,2,10,1,2,2,13,1,3,3,0
1,18844,0,4,1,2,59,30,21922,32,2,1420,3,2,2,4,3,0,5,3,21,9,3,4,0
1,11713,1,1,1,7,36,10,20335,63,8,427,1,4,5,1,8,0,3,3,14,9,2,3,1
0,2404,1,1,0,0,29,3,11479,92,10,906,4,2,0,3,0,0,1,3,20,6,5,3,1
1,2033,0,1,1,0,30,1,14470,74,12,448,2,2,0,3,1,0,1,4,18,1,2,4,1
0,19926,1,2,0,4,50,21,17053,53,11,1452,3,3,4,2,5,0,5,3,15,3,5,3,1
1,3920,1,1,1,1,37,17,18697,83,1,1017,3,2,2,1,3,1,1,2,14,2,2,2,0
1,12061,1,2,1,8,38,19,26707,81,25,849,1,2,1,3,10,0,3,3,17,3,2,2,1
0,6230,0,4,0,3,41,16,13430,56,10,267,4,3,10,4,14,0,2,3,14,7,3,2,1
1,2109,1,1,0,0,29,1,10007,91,4,590,4,2,0,3,1,0,1,3,13,1,2,3,0
2,3697,1,4,1,9,45,12,9278,75,8,549,4,3,8,1,10,0,2,3,14,9,3,4,0
0,4221,0,3,1,4,28,5,8863,43,4,120,2,3,4,2,5,1,2,4,15,1,3,3,0
1,5373,1,1,1,3,29,6,6225,89,1,136,1,3,2,1,5,0,2,2,12,0,5,3,1
1,17665,1,1,1,6,42,23,14399,35,2,469,4,3,7,4,22,1,4,3,17,0,3,2,0
0,18265,1,4,0,0,48,25,8733,76,1,715,4,2,0,3,1,0,5,4,12,6,3,3,1
0,2926,1,4,0,0,20,1,19783,66,6,871,4,2,0,2,1,0,1,3,18,1,5,3,1
1,10648,1,2,0,8,31,13,14394,33,9,1274,3,3,8,4,13,0,3,4,25,1,6,1,1
1,6430,0,2,1,2,41,10,20794,60,4,552,3,1,2,2,3,0,2,3,19,6,4,3,0
3,2335,0,1,0,2,29,4,3157,56,13,350,1,2,0,4,2,0,1,3,15,4,3,3,0
0,5155,0,1,0,4,42,9,2253,45,4,647,2,3,5,4,6,0,2,4,13,7,3,4,0
1,6652,0,4,1,3,36,8,14369,100,11,1120,2,2,0,1,6,0,2,2,13,4,2,4,0
0,5661,1,1,0,3,28,9,4824,68,16,1476,2,4,7,3,8,1,2,3,19,0,2,2,0
0,6735,0,2,0,0,32,10,12147,34,1,964,1,1,0,2,0,0,2,3,15,6,2,2,1
2,5347,1,3,1,2,36,10,7419,80,26,1351,1,3,2,2,3,0,2,2,14,6,2,4,1
1,2576,1,1,0,2,42,8,20490,95,1,201,2,3,2,2,5,0,1,3,16,3,5,4,1
1,16064,0,4,1,13,43,22,7744,80,16,1034,4,3,9,3,17,0,4,3,22,5,3,3,0
0,4502,0,4,0,7,36,17,7439,51,2,530,3,3,7,3,13,0,2,2,15,3,2,4,1
2,4000,1,1,0,3,25,6,18384,85,5,675,2,4,5,4,6,0,2,3,12,1,2,2,1
1,5674,1,2,1,8,36,11,6927,47,24,1105,2,3,8,3,9,0,2,3,15,7,3,4,1
1,9738,0,4,1,7,36,10,22952,92,11,1467,2,3,8,3,9,0,3,3,14,0,6,2,0
2,4735,1,4,1,11,38,19,9867,90,1,1189,4,3,9,4,13,0,2,4,15,7,4,3,1
0,2799,1,1,0,2,33,6,3339,100,1,1198,3,2,2,2,3,0,1,3,11,3,1,4,0
1,6434,1,3,1,2,45,9,5118,77,7,1199,1,4,2,4,3,0,2,3,17,4,1,4,1
0,6500,0,3,0,7,27,9,26997,89,2,511,1,4,7,2,8,1,2,2,14,0,5,2,0
0,4599,0,2,0,9,34,16,7815,40,24,790,1,2,10,3,15,1,2,4,23,0,2,4,0
1,2703,1,2,1,4,29,6,4956,76,2,1328,3,3,4,4,5,0,1,3,23,0,3,3,1
0,5010,0,3,0,8,32,12,24301,87,6,1093,2,3,7,1,11,1,2,3,16,1,0,4,0
1,17465,0,3,1,9,46,23,15596,52,3,406,1,3,9,4,12,0,4,3,12,3,3,1,0
1,2086,0,4,1,0,39,19,3335,56,5,895,4,3,0,3,1,0,2,4,14,3,6,3,0
1,16328,1,1,1,6,44,24,22074,32,28,136,4,3,17,3,20,0,4,4,13,3,1,3,1
0,13237,1,3,0,6,40,22,20364,75,6,302,2,3,13,3,20,0,4,3,15,7,3,3,1
0,16835,0,2,0,9,55,37,9873,83,18,1117,1,3,7,4,10,0,4,3,23,3,2,5,1
1,19419,1,3,0,16,41,21,3735,64,9,840,1,3,11,2,18,1,5,4,17,2,2,3,0
0,5346,0,3,0,3,43,7,9489,85,9,1372,1,1,3,2,4,0,2,2,13,8,2,3,0
0,4198,0,2,0,2,38,8,16379,90,16,437,2,3,2,2,3,0,2,4,12,2,5,3,1
0,2760,0,2,0,2,29,2,14630,52,9,428,2,1,2,3,2,0,1,3,13,1,3,3,0
0,3578,1,1,0,7,26,8,23577,100,7,652,3,4,7,4,7,0,1,3,12,0,2,3,0
0,13245,1,1,1,0,45,17,15067,52,6,193,4,3,0,2,0,0,3,4,14,4,3,4,0
0,4325,1,2,1,2,34,5,17736,94,1,1153,1,3,3,3,5,1,2,3,15,1,2,2,0
3,2610,1,3,0,2,38,4,15748,57,7,693,4,4,3,4,4,0,1,3,11,1,2,3,1
1,10239,0,4,1,0,55,24,18092,70,1,111,1,3,0,4,1,0,3,3,14,3,4,2,1
0,1878,0,2,0,0,18,0,8059,69,5,1306,2,3,0,4,0,0,1,3,14,1,3,3,0
2,10435,1,3,1,15,40,18,25800,80,15,884,1,2,12,4,18,0,3,3,13,1,2,3,1
1,4014,1,4,1,6,35,10,19170,51,21,1137,4,3,7,4,10,0,2,1,25,1,2,1,1
3,6674,1,4,1,8,28,10,16392,55,1,1476,3,1,5,1,9,0,2,3,11,0,6,3,1
0,2728,0,1,0,2,20,2,21082,54,9,727,4,3,2,1,2,0,1,3,11,1,3,1,1
3,3408,1,4,0,3,33,8,6705,38,10,587,1,1,3,1,4,1,1,3,13,7,2,1,0
1,2356,1,4,1,4,31,8,14871,48,11,1222,4,3,2,2,6,0,1,3,19,3,2,4,1
1,10322,1,4,1,10,40,14,26542,61,20,1492,1,3,1,4,11,0,3,3,20,4,6,4,0
1,17856,1,1,1,2,50,32,9490,30,2,1421,4,3,2,3,2,1,4,3,22,2,3,3,0
0,2580,1,4,0,2,27,6,6297,87,2,591,4,3,2,3,4,1,1,2,13,2,0,3,0
1,4558,1,1,0,0,28,10,13535,79,17,1300,3,3,8,4,10,1,2,3,12,1,2,2,0
1,8321,1,1,1,8,36,15,25949,90,10,1383,4,3,7,4,12,0,3,3,13,7,1,3,1
0,16598,1,2,0,8,53,35,19764,39,2,447,4,4,8,2,9,1,4,2,12,4,2,3,0
2,5538,1,1,1,0,42,10,5696,95,13,1128,2,4,0,3,0,1,2,2,18,5,2,3,0
1,5163,1,4,0,0,37,17,15850,100,2,1040,3,2,0,4,1,0,2,4,14,5,2,2,1
1,17159,1,1,1,1,43,22,5200,94,14,589,2,3,0,3,4,0,4,3,24,6,3,2,1
1,1223,1,3,1,0,23,1,16901,47,1,373,4,3,1,4,1,0,1,3,22,1,2,2,1
0,2950,1,1,1,4,52,12,17363,54,8,258,3,3,4,3,5,0,1,1,13,9,2,4,0
3,3760,1,4,0,2,29,3,5598,97,1,1010,1,3,2,1,3,0,1,3,15,1,5,3,1
1,18740,1,3,0,3,50,29,16701,43,7,989,2,2,8,4,27,1,5,2,12,5,2,2,0
0,4907,0,3,1,16,42,20,24532,99,1,635,2,3,6,3,20,0,2,3,25,1,3,1,1
0,4404,1,3,1,3,34,6,10228,82,8,628,2,4,2,1,4,1,2,4,12,2,3,3,0
1,3931,0,2,1,3,32,6,20990,56,4,1401,3,3,2,1,4,0,1,3,11,2,5,2,1
2,10609,0,3,0,10,38,17,9647,76,3,119,1,3,13,3,16,0,3,2,12,0,6,3,1
1,3204,1,1,0,2,30,8,10415,84,5,201,4,3,2,4,3,0,1,3,14,5,3,3,0
1,5380,0,1,1,0,56,6,20328,89,11,1443,4,2,0,3,0,0,2,3,16,4,3,5,0
1,3816,1,2,0,2,27,5,17881,82,1,1469,4,3,4,2,5,1,1,3,11,1,2,2,0
1,2835,1,4,0,0,36,7,2561,39,3,922,1,3,0,1,1,0,1,3,22,5,2,2,1
1,3377,1,1,1,3,40,7,25605,99,2,616,3,3,2,4,4,0,1,2,17,4,5,2,1
2,10048,1,3,0,0,37,17,22573,61,10,504,1,3,0,2,1,1,3,3,11,6,5,3,0
3,2008,1,3,0,1,33,1,20439,59,1,1313,2,2,0,3,1,1,1,2,12,1,2,2,0
2,5237,1,3,1,7,36,17,16577,94,27,1299,3,3,7,2,7,1,2,2,13,6,3,3,0
1,3755,1,3,1,3,39,8,17872,48,8,443,3,3,7,1,8,0,1,3,11,1,3,1,1
2,5079,0,4,0,7,36,12,25952,84,8,1229,1,3,7,4,7,0,2,3,13,4,3,4,0
2,4898,1,3,1,2,25,5,7505,62,1,685,1,3,2,4,4,0,2,3,12,0,3,3,1
1,5228,1,2,1,7,36,10,23361,35,1,676,3,3,5,1,9,0,2,3,15,0,2,3,0
0,4197,1,2,0,0,37,18,21123,49,10,1305,3,3,1,4,1,0,2,2,12,2,2,4,1
1,19847,0,2,0,10,51,31,19196,83,9,237,4,3,10,1,29,0,5,2,24,4,5,3,1
2,16413,1,2,1,2,49,27,3498,72,22,301,1,3,2,2,4,0,4,3,16,3,2,4,0
1,5093,1,1,0,0,35,16,4761,61,2,1225,4,3,0,1,1,0,2,4,11,2,2,4,1
1,2437,1,3,1,0,43,6,15587,38,17,807,3,2,0,4,1,0,1,3,16,9,4,3,0
1,4302,0,2,1,2,33,4,13401,30,7,970,4,3,2,3,3,0,2,3,17,0,3,3,1
2,4306,0,3,0,0,26,8,4267,45,29,775,1,3,0,1,0,1,2,3,12,5,5,2,0
1,10845,1,3,0,7,46,13,24208,75,7,566,4,3,7,2,8,1,3,3,13,6,3,2,0
0,2587,1,4,0,2,56,5,10261,97,24,1162,1,3,0,4,4,0,1,3,16,1,3,2,1
3,4668,0,4,0,7,32,9,22812,35,9,689,4,1,7,4,8,1,2,4,17,0,2,2,0
1,2083,1,3,0,0,30,1,22653,71,3,160,3,3,0,3,1,1,1,3,20,1,2,3,0
1,9714,0,1,1,8,30,10,5323,64,1,740,2,2,7,4,10,0,2,3,11,1,4,3,1
1,4227,1,4,1,2,27,4,4658,47,2,1055,1,3,2,2,3,0,2,3,18,0,2,4,1
1,13348,1,1,1,7,42,18,14842,83,6,1396,3,3,7,2,13,1,3,4,13,9,3,3,0
0,2600,1,1,0,0,20,1,18275,98,11,1097,4,2,0,1,1,1,1,3,15,1,2,3,0
1,3875,0,2,1,2,50,4,9983,54,8,316,4,3,2,4,2,0,1,3,15,7,2,4,0
0,1102,1,4,0,0,19,1,9241,47,2,303,2,2,0,3,1,0,1,2,22,1,3,3,1
1,3067,0,3,1,2,31,3,6393,54,2,1154,1,3,2,3,2,0,1,3,19,0,1,2,1
1,2157,0,4,1,1,29,3,18203,84,20,1404,3,3,2,2,3,0,1,3,15,1,5,3,0
0,3968,1,3,0,0,42,8,13624,81,8,1142,4,3,0,4,0,0,1,3,13,4,3,3,1
1,5673,0,3,1,9,36,10,6060,63,10,1266,2,2,7,1,10,0,2,3,13,1,4,4,0
0,13758,0,1,0,9,42,22,2447,44,12,481,3,3,14,2,21,0,4,2,12,0,2,3,1
0,17048,0,1,1,15,46,28,24097,69,2,1402,3,3,9,1,26,0,4,3,23,8,2,3,0
1,12031,0,4,1,9,39,21,8828,60,24,722,2,2,6,1,20,0,4,2,11,0,2,1,0
1,2693,1,3,0,0,30,1,13335,67,24,1358,4,3,0,2,1,0,1,3,22,1,2,1,1
0,5810,1,4,0,4,36,10,22604,37,4,172,1,2,8,3,10,0,2,2,16,1,2,4,1
1,2778,1,4,0,7,41,10,17725,57,2,1085,2,1,0,3,7,0,1,2,13,4,1,4,1
0,2814,1,3,1,2,22,4,10293,85,26,457,2,2,3,2,4,0,1,2,14,1,2,2,0
0,2174,0,2,0,2,21,3,9150,99,1,756,1,2,2,3,3,0,1,3,11,1,3,1,0
0,3376,1,3,1,6,41,10,18863,43,7,509,2,4,8,3,10,0,1,3,13,1,3,2,0
0,2450,1,1,0,0,35,3,21731,68,1,992,4,2,2,2,3,1,1,3,19,1,3,3,0
1,18300,1,3,1,2,47,21,16375,42,5,1482,4,3,1,2,3,0,5,3,11,4,2,5,1
1,10851,1,1,0,7,45,24,19863,95,20,1038,2,1,7,2,7,1,3,3,18,2,2,3,0
1,8853,1,4,0,4,29,6,24483,87,2,995,1,3,3,4,6,0,2,4,19,1,0,1,1
0,2966,0,3,0,2,26,5,21378,30,5,1167,4,2,0,4,4,0,1,3,18,0,2,3,0
0,2723,1,4,1,0,51,1,23231,96,1,833,3,3,0,2,1,0,1,2,11,1,0,3,1
0,5747,1,4,1,10,34,16,26496,86,22,735,3,2,11,2,15,0,2,3,15,1,3,4,0
0,6540,1,2,0,1,35,10,19394,97,9,755,3,2,0,3,1,0,2,3,19,9,5,4,1
0,2018,1,1,0,4,40,15,21831,86,9,676,4,3,0,2,5,0,1,1,14,3,3,4,1
0,13191,1,1,1,0,42,20,23281,60,26,458,1,3,0,3,1,1,3,3,17,3,6,5,0
0,4317,1,3,0,2,38,19,2302,32,3,364,4,3,2,2,3,0,2,3,20,3,2,5,0
0,4577,0,3,0,2,24,4,24785,65,3,693,1,3,0,1,2,0,2,3,14,9,3,2,1
1,8237,0,3,1,6,39,11,4658,38,6,1462,4,4,6,1,7,1,3,3,11,2,3,3,0
1,2387,1,2,1,2,40,7,6762,88,1,329,2,3,3,3,4,0,1,3,22,3,3,4,1
3,7441,1,2,0,8,45,10,20933,66,1,538,1,3,7,1,10,0,3,3,12,1,4,4,0
3,2001,1,3,1,3,40,20,12549,98,2,1194,3,3,2,2,5,1,1,3,14,2,2,4,0
3,9950,0,1,0,2,34,11,11533,43,23,988,2,3,2,3,3,0,3,3,15,9,2,3,0
0,11159,1,4,0,7,32,10,19373,39,3,1018,3,3,7,4,7,0,3,3,15,3,6,2,1
3,13269,1,1,0,11,50,19,21981,50,17,813,4,2,11,3,14,0,3,3,15,5,3,5,1
1,2793,0,4,0,8,37,13,2539,41,4,319,1,3,8,3,9,0,1,3,17,4,2,4,0
0,7553,1,4,0,7,29,9,22930,84,14,337,3,3,7,1,8,0,3,3,12,0,1,1,0
0,8789,0,3,0,7,35,10,9096,92,1,944,3,3,8,1,10,0,3,4,14,1,3,3,0
2,9637,0,1,1,2,31,9,8277,68,7,1125,1,3,2,4,3,0,3,3,14,2,3,4,0
1,3702,1,3,1,4,38,5,16376,40,6,1153,4,2,4,2,5,0,1,3,11,1,3,2,0
0,9981,0,3,0,7,27,7,12916,90,20,1242,4,3,7,4,7,0,2,3,14,1,2,3,1
1,5021,0,2,0,2,46,16,10425,80,5,945,2,3,2,4,4,1,2,3,22,8,2,2,0
1,2238,1,1,1,0,41,7,6961,94,9,933,3,3,4,4,5,0,1,3,21,2,2,4,1
0,19626,1,3,0,7,40,21,17544,44,14,1308,3,2,9,1,20,1,5,4,14,1,2,3,0
3,4115,0,1,0,3,30,8,13192,61,29,1329,3,3,3,3,4,0,2,3,19,8,3,4,1
3,3491,1,3,0,7,30,10,11309,49,7,853,3,3,9,1,10,0,2,2,13,1,4,4,1
2,2008,1,2,0,0,34,1,6896,83,10,546,2,3,0,2,1,0,1,3,14,1,3,3,1
1,4639,0,1,1,4,40,5,11262,84,14,118,4,3,2,3,5,0,2,3,15,1,2,2,1
2,2297,0,2,0,2,29,2,17967,83,10,1090,4,3,2,4,2,0,1,3,14,1,2,3,0
1,19081,1,2,1,2,46,25,10849,52,15,1450,4,3,3,1,4,0,5,3,11,5,2,2,1
1,8189,0,3,0,7,41,12,21196,96,9,802,3,3,7,3,9,0,3,3,13,3,2,1,1
1,5736,0,3,1,2,39,10,3987,32,21,1251,1,1,2,3,3,0,2,3,19,6,1,4,1
2,3291,1,2,0,5,29,8,17940,61,10,490,4,3,1,4,7,0,1,2,14,0,2,3,1
0,16555,1,4,1,2,52,31,10310,30,4,1490,4,3,4,4,5,0,4,1,13,2,2,2,1
0,2996,1,3,1,4,37,8,5182,54,4,1439,3,3,3,4,6,0,1,3,15,7,2,1,1
1,5561,0,3,1,0,29,6,3487,62,3,1176,2,3,2,1,6,1,2,2,14,1,5,2,0
3,3195,0,4,0,2,44,8,4167,44,1,528,3,3,2,1,2,0,1,3,18,4,2,3,1
2,4286,0,1,1,1,45,5,5630,100,26,306,1,3,0,4,1,0,2,3,14,2,4,4,1
0,6232,0,3,1,2,25,6,12477,93,18,1372,1,4,2,2,3,0,2,2,11,2,3,1,1
0,2976,0,3,0,0,47,5,25751,99,4,1309,2,3,0,1,0,1,2,3,19,3,3,1,0
1,3034,1,1,0,7,37,18,26914,95,14,1107,4,3,17,3,18,0,1,2,12,1,2,3,1
0,5993,0,4,0,4,41,8,19479,94,1,1102,2,3,5,1,6,0,2,1,11,8,0,2,1
0,6755,1,3,1,2,57,15,2967,88,1,593,4,3,2,3,3,1,2,3,11,2,2,4,0
0,1904,1,3,0,0,18,0,13556,80,8,247,3,3,0,4,0,1,1,3,12,1,0,1,0
1,6667,1,4,0,1,32,9,16542,34,15,1146,3,3,2,2,5,1,2,3,18,5,6,4,0
2,6272,0,2,1,3,26,6,7428,66,28,703,1,3,4,4,5,0,2,4,20,1,5,2,0
0,8564,0,1,0,0,33,11,10092,74,16,211,1,3,0,3,0,0,3,2,20,2,2,3,1
1,4014,1,1,1,2,35,4,16002,30,23,1142,3,3,2,3,2,1,1,3,15,3,3,4,0
1,2314,1,4,0,0,32,4,9148,61,1,300,4,3,2,2,3,0,1,3,12,0,2,3,1
0,5813,0,4,0,7,35,10,13492,84,27,303,3,3,7,4,10,0,2,3,18,1,2,3,1
0,3646,1,1,0,0,39,11,17181,54,2,592,1,2,0,2,1,0,1,4,23,2,2,3,1
0,10008,1,1,1,9,58,31,12023,53,7,601,3,2,9,4,10,1,3,2,14,7,0,4,0
0,2088,1,2,0,7,36,13,15062,30,3,1480,4,3,2,3,8,1,1,2,12,4,3,2,0
0,6582,0,4,0,5,31,10,8346,77,2,828,2,3,5,3,6,0,2,4,13,4,2,1,1
0,2368,1,2,1,4,26,5,23300,46,6,841,3,2,3,3,5,0,1,2,19,1,3,3,0
0,3904,1,1,0,2,39,6,22154,93,23,360,3,3,3,1,5,1,1,3,13,0,2,3,0
0,7412,1,1,1,7,27,9,6009,68,1,608,3,3,7,4,9,0,3,3,11,1,3,2,1
0,2936,1,3,0,4,44,6,10826,96,10,1097,3,3,2,3,6,0,1,3,11,1,4,4,1
2,2270,1,4,0,3,45,8,11005,91,1,974,4,3,2,4,5,1,1,3,14,3,2,4,0
1,13503,1,2,1,3,40,22,14115,78,1,530,3,2,11,4,22,0,4,2,22,1,3,4,1
2,11957,1,2,1,8,47,14,17231,98,1,1162,3,3,12,1,13,1,3,1,18,0,3,1,0
0,2311,1,2,0,2,34,9,5711,95,27,629,4,3,2,4,3,1,1,3,15,2,3,2,0
0,4541,1,4,0,11,44,20,7744,32,29,200,4,3,17,2,20,0,2,3,25,1,3,4,0
1,4639,0,1,1,7,36,17,2261,83,7,607,1,4,13,4,15,0,2,2,16,2,2,3,0
3,4621,1,3,1,2,27,3,5869,87,8,1277,1,1,2,4,3,0,1,3,19,1,4,5,1
0,3202,0,2,0,3,24,6,21972,62,1,1448,1,3,4,2,5,0,1,3,16,1,4,1,0
0,10938,1,3,0,6,39,20,6420,64,2,505,3,3,8,4,19,0,3,3,25,0,1,4,0
1,3388,1,3,1,0,36,2,21777,79,9,318,4,2,0,1,1,1,1,2,17,0,0,3,0
3,2979,1,4,1,0,34,6,22478,40,3,697,3,2,0,4,0,0,1,3,17,3,2,4,1
0,9208,0,4,0,2,50,16,6645,77,12,809,3,3,1,4,2,0,3,3,11,4,3,3,0
0,16015,0,2,0,10,41,22,15896,88,2,334,4,3,4,2,22,0,4,3,19,1,2,4,1
2,6179,1,3,1,2,31,10,21057,98,22,330,4,3,7,4,10,1,2,2,15,1,3,4,0
1,19272,1,4,1,9,39,21,21141,54,7,672,3,2,3,1,21,1,5,3,15,1,2,2,0
0,2436,1,4,0,3,44,6,13422,42,1,1037,2,3,2,3,4,1,1,3,12,6,2,3,0
0,4320,1,2,0,3,33,5,24152,44,25,575,4,2,2,4,5,0,2,3,13,1,2,3,1
0,7104,0,3,0,0,33,6,20431,39,8,1216,3,3,2,4,5,0,2,3,12,0,3,4,0
1,4907,0,3,0,3,25,6,13684,85,8,1382,1,3,4,2,5,0,2,2,22,0,3,2,0
2,5731,1,4,0,2,37,9,17171,52,25,367,3,2,3,3,6,1,2,3,13,7,2,2,0
1,3452,1,1,1,4,37,17,17663,98,10,921,3,3,3,2,5,1,1,3,20,6,3,3,0
1,3041,0,1,0,3,27,5,16346,85,2,1420,3,3,2,2,4,0,1,3,11,0,3,1,0
1,3977,1,3,0,2,25,7,7298,57,2,977,4,3,2,3,2,0,1,2,19,6,2,1,0
3,6118,0,3,0,9,30,10,5431,30,5,570,4,2,2,3,10,0,2,3,13,1,2,3,0
0,2546,1,2,1,2,29,6,18300,71,25,408,3,2,1,2,2,0,1,4,16,5,2,5,0
1,2566,1,3,0,1,27,1,25326,79,3,1450,3,2,1,4,1,1,1,2,15,1,2,3,0
1,10248,1,4,1,6,44,24,2094,42,7,477,1,2,17,4,22,1,3,3,14,3,4,4,0
1,2819,1,1,1,2,23,5,8544,58,4,885,1,4,2,1,3,1,1,4,16,2,3,3,0
3,2089,1,4,0,4,43,7,5228,37,7,1344,4,4,2,4,5,1,1,4,14,4,3,3,0
2,3339,1,3,0,7,29,10,17285,39,7,806,2,3,7,1,7,0,1,3,13,3,2,3,0
1,4774,1,1,1,6,27,8,23844,77,15,1131,4,2,3,4,7,0,1,2,19,0,2,3,1
3,7314,0,2,1,7,46,14,14011,64,10,1254,3,3,7,3,8,0,3,3,21,5,2,3,1
0,3038,1,3,0,4,32,8,12430,43,6,120,3,3,4,1,5,0,1,3,20,3,2,5,1
1,9419,0,4,1,9,30,12,8053,41,5,1339,2,3,4,3,10,0,3,3,12,2,2,3,1
0,7642,0,2,0,0,37,10,4814,32,19,1252,1,3,9,4,10,1,3,3,13,1,2,2,0
2,3072,1,1,0,9,30,12,11012,66,9,111,3,3,10,3,12,1,2,3,11,1,4,3,0
0,4028,0,4,0,7,38,8,7791,46,7,243,4,2,5,1,7,0,2,3,20,0,2,4,0
2,5505,0,4,0,2,33,6,3921,93,2,392,4,3,4,3,6,1,2,3,14,1,5,4,0
1,4148,1,3,1,11,35,15,12250,52,8,208,3,3,9,4,14,0,2,3,12,1,5,4,1
0,2875,1,4,0,5,26,8,9973,53,4,583,3,3,2,2,8,0,1,2,20,1,2,2,1
1,5679,1,3,0,7,43,10,19627,72,9,1001,4,3,7,2,8,1,2,3,13,3,3,5,0
2,6220,1,2,1,4,32,10,7346,66,1,548,2,3,9,2,10,0,2,3,17,1,3,3,1
1,3477,1,3,1,2,31,6,18103,69,2,741,2,3,3,4,5,0,1,4,14,1,2,4,1
1,3149,1,3,1,2,52,9,21821,82,11,1325,4,3,4,2,5,0,2,3,20,8,3,4,1
1,13320,0,4,1,11,44,23,11737,53,28,1448,4,4,11,3,12,1,4,3,18,3,2,3,0
3,2532,1,4,0,3,29,8,6054,62,7,1086,1,2,3,3,4,1,1,3,14,6,5,1,0
0,2515,1,4,1,1,28,1,22955,79,12,1485,3,3,0,4,1,0,1,2,11,1,4,1,1
1,2436,1,4,1,4,33,8,22149,58,14,813,3,3,4,3,5,1,1,1,13,5,2,3,0
0,2422,1,2,0,2,30,4,25725,60,5,109,2,3,2,1,3,1,1,3,17,0,3,3,0
0,2657,1,1,0,2,30,8,8556,88,3,1005,4,3,4,3,5,0,1,3,11,5,5,3,0
1,2713,1,4,1,2,28,5,6672,42,21,440,3,3,2,3,5,1,1,1,11,1,2,3,0
1,4559,0,3,1,2,31,4,24788,71,20,542,2,1,2,3,2,0,2,3,11,3,2,3,1
0,2380,0,1,0,2,21,2,25479,58,5,501,3,3,2,4,2,1,1,3,11,1,6,1,0
3,12185,1,4,0,8,37,10,10056,47,11,663,2,3,7,3,10,0,3,3,14,1,1,3,0
1,3306,1,3,1,0,38,7,26176,87,4,1495,4,3,0,4,0,1,1,2,19,7,5,2,0
0,2096,1,2,0,2,25,2,18830,40,1,266,4,3,1,4,2,1,1,2,18,1,3,3,0
1,2756,1,2,1,7,33,8,4673,72,14,931,4,3,6,4,8,1,1,3,13,1,5,3,0
1,2341,1,1,0,0,27,1,19715,33,2,1240,4,3,0,4,1,0,1,3,13,1,6,4,1
1,6725,1,1,1,7,32,8,13554,93,3,498,3,3,3,3,8,1,2,4,12,1,2,4,0
2,2889,1,4,1,2,25,2,26897,64,7,1280,4,2,1,3,2,1,1,3,11,1,2,1,0
1,3419,1,1,1,1,36,6,13072,82,5,852,2,2,0,4,1,0,1,4,14,9,3,4,1
1,19859,1,1,1,2,55,24,21199,78,2,725,4,3,4,4,5,1,5,3,13,5,2,3,0
2,2936,1,3,1,3,42,10,6161,38,10,355,3,3,3,2,6,0,1,2,22,3,1,4,0
0,2472,1,2,0,0,22,1,26092,75,7,391,4,3,0,1,1,0,1,3,23,1,2,1,1
0,3748,1,2,1,8,30,12,4077,76,1,911,4,3,7,3,12,1,1,2,13,1,6,2,0
0,3681,1,4,0,2,35,9,14004,54,25,538,1,2,2,4,3,0,2,3,14,4,3,2,0
2,5577,1,1,0,9,52,18,22087,78,6,956,4,3,9,2,10,0,2,3,12,3,3,2,0
1,10502,1,3,0,4,54,33,9659,53,1,966,4,3,4,1,5,0,3,1,17,7,2,4,1
0,8446,0,2,0,7,52,10,21534,64,5,1030,2,3,7,3,8,0,3,2,19,9,2,3,1
0,2960,1,1,0,2,34,8,17102,83,6,699,2,3,3,3,4,1,1,3,11,2,2,1,0
1,19636,0,2,1,9,55,35,25811,71,26,189,3,4,4,1,10,0,5,3,18,4,0,4,0
1,16799,0,1,1,7,42,21,16616,31,10,1147,3,3,9,3,20,0,4,3,14,0,5,3,0
1,2194,1,1,1,2,35,5,5868,79,1,664,2,3,2,4,3,1,1,2,13,4,2,3,0
1,6852,0,2,0,1,40,7,11591,84,10,107,2,2,3,2,5,0,2,4,12,7,2,3,0
0,5238,1,4,0,4,31,9,6670,30,24,163,4,3,4,4,5,0,2,2,20,2,3,1,0
0,9355,0,2,0,7,41,8,9558,56,4,143,1,3,7,3,8,0,2,3,18,1,5,3,0
1,2659,1,4,1,2,26,3,17759,71,6,991,3,3,2,3,3,0,1,3,13,1,2,3,1
3,2827,0,1,0,0,32,1,14947,76,2,862,3,3,0,3,1,0,1,3,12,1,3,1,1
3,2592,0,2,0,10,38,13,7129,100,2,1336,1,3,8,4,11,0,1,3,13,5,3,3,0
1,2244,1,2,1,1,22,2,24440,43,11,253,1,3,2,4,2,1,1,3,13,1,1,3,0
1,2451,1,1,1,3,22,4,6881,94,8,217,2,1,1,1,4,0,1,2,15,1,3,1,1
1,2811,1,2,1,2,27,4,12086,37,16,1134,3,3,2,2,2,0,1,3,14,9,2,4,0
2,5405,0,4,1,2,38,20,4244,77,2,723,2,1,3,1,4,0,2,2,20,2,4,4,0
2,4262,1,4,0,2,29,8,22645,34,19,232,4,3,2,2,3,0,2,4,12,4,2,3,0
0,3485,1,3,0,0,28,5,14935,79,2,529,1,3,0,3,0,0,1,1,11,2,5,4,1
0,4424,1,4,0,7,31,11,20682,61,8,746,3,3,8,4,11,0,2,3,23,1,2,4,1
1,13577,1,2,0,9,55,34,25592,37,8,177,4,2,0,4,33,1,4,3,15,1,3,1,0
0,2267,0,3,1,2,59,7,25657,52,6,818,2,3,2,4,2,1,1,2,17,8,2,2,0
1,4051,0,4,1,7,48,14,19658,37,2,163,2,3,7,1,9,0,2,3,14,2,2,5,0
1,2258,1,4,1,2,43,8,15238,61,21,313,4,3,2,1,3,1,1,3,20,7,1,3,0
0,10221,1,3,0,5,35,17,18869,59,7,950,3,3,6,2,8,0,3,4,21,3,3,3,0
0,2500,1,4,0,1,33,4,10515,90,2,134,3,3,2,1,3,0,1,4,14,0,2,3,1
0,15427,0,4,1,8,53,31,22021,78,2,1219,1,2,7,3,25,0,4,3,16,2,3,4,1
0,7991,0,2,0,2,46,6,25166,98,26,849,2,2,2,3,2,0,2,3,15,8,3,2,1
0,2109,0,2,0,2,31,8,24609,96,8,1398,4,4,2,4,3,1,1,3,18,9,3,2,0
1,11510,1,4,0,10,38,12,15682,92,15,343,3,2,9,2,11,0,3,3,14,0,3,2,1
2,14732,1,4,0,7,55,31,12414,81,1,1136,2,4,0,4,7,1,4,4,13,2,4,4,0
1,5220,0,4,0,7,60,12,10893,52,7,696,2,4,9,2,11,0,2,3,18,0,3,4,0
0,19246,1,2,0,15,58,40,25761,31,2,286,4,3,8,4,31,0,5,3,12,7,2,4,1
0,2406,1,4,0,3,38,10,5456,50,29,653,4,3,9,4,10,0,2,3,11,1,2,5,1
1,10368,0,4,0,6,46,13,5596,74,2,1277,3,3,3,2,10,0,3,2,12,4,5,3,1
1,2070,1,4,1,2,28,5,2613,94,9,1158,4,3,4,4,5,1,1,2,23,1,3,3,0
1,2339,1,3,1,9,56,14,3666,72,7,310,4,3,8,4,10,0,1,1,11,8,4,2,0
1,4539,0,3,1,7,33,10,4905,82,25,1146,2,3,1,1,10,1,2,2,12,1,3,3,0
0,4069,1,4,0,2,40,8,8841,72,8,1142,4,3,2,3,2,0,2,3,18,3,2,2,1
0,2863,0,2,1,0,27,1,19555,58,22,1337,1,2,0,1,1,0,1,3,12,1,2,3,0
1,6397,1,2,0,5,26,6,26767,84,1,1479,3,3,4,1,6,0,2,1,20,1,6,3,1
1,5762,1,4,0,7,35,15,24442,90,2,1180,2,3,7,3,7,1,2,3,14,2,6,2,0
0,6949,1,4,0,0,33,6,12291,42,1,1069,2,2,4,1,5,0,2,3,14,0,3,3,1
2,6380,0,3,1,4,40,8,6110,68,22,575,3,2,0,1,6,0,2,3,12,2,6,2,0
1,2307,1,1,1,2,34,5,14460,85,16,967,4,1,0,2,5,0,1,3,23,1,2,4,0
0,2683,0,3,1,2,50,3,3810,86,3,869,1,2,2,3,3,0,1,3,14,1,2,2,0
0,4240,1,3,0,2,48,19,13119,97,6,277,1,2,2,4,2,0,2,3,13,2,0,3,1
1,6854,1,4,1,1,54,14,15696,68,7,431,4,3,7,2,7,1,2,2,15,4,2,4,0
0,2044,0,3,0,2,20,2,22052,49,2,500,3,2,2,4,2,1,1,2,13,1,3,3,0
0,2438,1,3,0,2,43,7,24978,52,9,343,1,3,2,3,3,0,1,2,13,4,2,3,1
2,6384,1,3,0,0,29,11,21143,93,29,726,4,1,6,4,7,0,2,3,17,8,3,1,1
3,2029,1,3,0,4,34,5,15891,92,26,999,1,2,0,3,5,0,1,3,20,1,2,1,0
0,2759,1,3,0,2,42,7,20366,57,19,933,3,4,2,4,2,1,1,3,12,6,2,3,0
0,3517,1,3,1,2,27,5,22490,86,8,486,2,4,2,1,3,1,1,3,17,7,0,3,0
0,2121,0,2,0,0,19,1,9947,37,21,419,4,2,0,2,1,0,1,4,13,1,3,3,0
1,12742,1,4,1,6,39,21,7060,65,1,466,4,2,8,3,21,0,4,3,16,1,3,1,1
0,2279,1,2,0,7,27,7,11781,99,9,894,4,3,3,4,7,1,1,2,16,1,2,3,0
0,10512,1,4,0,7,59,25,20002,67,18,1429,4,3,4,4,9,1,3,2,12,6,6,4,0
1,11557,0,4,0,4,31,10,25291,44,7,688,3,2,1,3,5,0,3,2,21,9,3,3,1
3,3196,1,1,1,5,28,6,12449,78,19,1179,4,2,3,3,6,1,1,3,12,1,2,4,0
1,6538,0,3,1,2,34,6,12740,72,4,1381,3,3,2,1,3,0,2,3,15,9,3,4,0
0,2329,0,3,1,7,31,13,11737,41,7,154,2,2,2,2,7,0,1,4,15,3,2,4,1
1,7525,0,2,1,7,53,30,23537,38,2,124,3,2,12,1,15,0,3,3,12,2,2,3,0
1,13570,1,2,1,7,41,21,5640,60,28,582,1,2,10,3,20,0,4,3,23,0,3,4,1
1,10739,1,3,1,7,54,22,13943,56,17,1441,3,3,8,3,10,0,3,3,11,8,2,3,0
1,2097,1,4,1,3,30,9,16734,53,3,1400,3,3,4,3,5,0,1,1,15,4,3,3,1
0,10965,1,3,0,2,49,26,12066,31,7,1261,2,2,0,3,5,0,3,3,24,8,2,3,0
1,4810,1,3,0,7,46,19,26314,87,18,1485,3,3,8,3,10,1,2,2,14,2,5,3,0
0,3038,1,4,1,0,36,5,22002,55,6,132,2,4,0,2,1,0,1,3,12,3,3,3,1
0,2432,1,3,0,1,32,8,15318,47,5,238,1,4,3,1,4,0,1,3,14,3,2,2,1
2,4066,1,1,0,7,27,7,16290,67,19,1302,4,2,7,1,7,0,1,3,11,1,3,3,0
1,6322,1,4,1,4,32,6,18089,92,9,646,1,3,5,4,6,0,2,2,12,1,2,4,1
1,5056,1,4,1,7,29,10,17689,79,8,718,2,2,2,3,10,1,2,2,15,1,2,1,0
1,3564,1,1,1,7,37,8,22977,65,21,290,2,4,7,1,8,0,1,2,12,1,3,3,1
1,2690,1,4,1,0,35,1,7713,63,7,1349,3,2,1,4,1,0,1,2,18,1,5,2,1
1,16307,0,3,1,6,51,29,5594,66,26,1318,1,3,17,3,20,0,4,2,14,2,2,4,0
1,4505,1,2,0,0,34,12,15000,45,6,1031,3,2,0,3,1,0,2,3,15,6,3,4,1
0,18041,0,3,1,15,40,21,13022,79,2,1398,3,3,12,4,20,0,5,3,14,0,2,4,1
1,2991,0,2,1,2,38,7,5224,88,1,1444,4,3,2,2,6,0,1,3,11,0,2,4,0
0,7898,1,4,0,9,48,11,18706,54,4,855,4,3,8,3,10,0,3,3,11,1,2,3,1
1,4434,1,2,1,8,42,10,11806,98,29,933,2,3,8,4,9,0,2,2,13,1,3,3,1
1,11031,1,3,1,7,31,13,26862,40,10,697,3,3,8,3,11,1,3,4,20,4,2,3,0
0,9619,0,4,0,8,46,9,13596,64,9,669,3,2,7,4,9,1,3,3,16,1,3,2,0
1,2376,1,4,1,2,35,2,26537,47,4,636,4,2,2,2,2,0,1,4,13,1,2,4,0
0,1091,0,1,0,0,29,1,10642,45,24,746,3,4,0,4,1,0,1,3,17,1,3,3,0
0,4332,1,3,0,9,42,20,14811,37,23,335,4,2,7,4,20,0,2,3,12,1,2,2,1
0,10880,1,1,0,6,39,21,5083,82,22,945,4,3,8,3,21,1,3,3,13,1,2,3,0
0,2773,1,3,1,2,22,3,12145,69,6,604,1,3,2,4,2,1,1,3,20,0,3,1,0
0,4193,1,3,0,5,29,10,12682,49,15,153,4,2,8,4,9,0,2,3,12,0,3,2,1
0,4522,1,3,0,2,43,8,2227,74,8,1473,3,3,2,4,5,0,2,3,14,4,3,4,0
1,4741,1,1,1,3,26,5,22722,60,11,496,1,3,3,3,5,1,2,3,13,1,3,2,0
2,5855,1,4,1,7,31,10,17369,41,12,616,4,3,5,3,9,1,2,1,11,0,2,3,0
0,1393,1,2,0,0,32,1,24852,95,2,1259,4,3,0,1,1,0,1,3,12,1,2,4,1
2,4771,1,4,0,2,38,10,14293,71,9,1206,2,3,3,4,5,0,1,4,19,2,0,2,1
0,2973,1,1,0,0,20,1,13008,84,4,129,1,3,0,2,1,0,1,3,19,1,2,3,0
1,19943,1,1,0,2,56,28,18575,92,4,718,4,3,2,4,5,0,5,3,13,4,2,4,0
1,2231,0,3,1,3,34,6,11314,75,2,303,3,3,2,4,4,0,1,3,18,6,3,4,0
0,6833,1,1,1,5,31,6,17089,80,11,1332,3,3,1,4,6,1,2,2,12,1,2,2,0
1,15202,1,4,1,2,48,23,5602,89,4,365,3,2,2,2,2,1,4,3,25,2,3,5,0
1,19436,1,3,0,7,40,22,5949,49,2,1416,1,3,9,4,21,1,5,3,19,0,5,2,0
3,7457,0,4,1,3,40,6,13273,57,1,1124,2,1,2,3,4,1,2,2,22,2,2,2,0
1,5561,0,1,1,3,35,6,15975,71,18,682,2,3,4,4,5,1,2,1,16,0,2,4,0
0,2742,0,3,1,2,34,2,3072,52,9,1107,1,3,2,4,2,0,1,3,15,1,0,4,0
2,1281,1,3,1,0,35,1,16900,41,3,727,3,2,0,3,1,0,1,3,18,1,3,3,1
2,2996,1,1,0,3,34,10,20284,91,1,560,4,3,3,3,4,0,1,3,14,5,2,4,0
1,8396,0,1,1,7,40,8,22217,74,26,300,3,3,5,2,7,0,2,2,14,1,3,3,0
1,5346,1,1,1,1,34,11,6208,93,9,234,4,3,7,3,7,0,2,2,17,4,3,4,1
1,4834,1,3,0,0,36,9,7858,81,15,660,1,3,0,2,1,0,2,2,14,7,3,3,0
1,16606,0,2,1,12,46,23,11380,51,3,228,3,3,1,4,13,0,4,4,12,8,2,3,1
2,4647,0,4,0,5,27,6,16673,71,3,1410,4,4,4,2,6,1,2,3,20,1,3,1,0
0,11994,1,2,0,6,34,13,21293,53,7,419,1,3,11,3,12,0,3,3,11,0,4,4,1
0,6781,1,4,0,0,42,14,17078,98,2,1332,1,2,0,2,1,0,2,3,23,3,6,4,0
1,2180,0,4,0,2,30,6,9732,66,8,600,3,2,2,3,4,0,1,2,11,6,0,3,0
2,6347,1,4,0,2,37,8,23177,61,5,1192,4,3,4,3,6,1,2,2,16,7,2,2,0
0,3780,1,3,0,0,54,19,23428,42,8,548,3,3,0,3,1,0,2,3,11,7,3,4,1
1,19502,1,3,0,9,49,31,2125,58,18,1245,4,2,9,3,31,0,5,3,17,1,5,4,1
0,2058,1,3,0,2,29,7,19757,85,1,992,3,3,5,4,6,0,1,2,14,0,1,3,0
0,1118,0,4,0,0,25,1,8040,73,24,599,3,1,0,4,1,0,1,3,14,1,4,1,1
1,2133,1,2,0,11,38,20,18115,58,8,1394,4,2,7,3,20,1,2,3,16,1,3,3,0
0,9278,0,2,0,4,36,15,20763,99,3,1174,1,3,1,4,5,0,2,3,16,3,3,4,0
0,4108,1,4,0,7,39,18,5340,52,24,116,1,3,7,1,7,0,2,3,13,7,2,1,1
1,10673,1,1,1,9,46,21,3142,40,1,638,3,2,5,3,10,1,3,2,13,2,5,3,0
0,17328,1,4,0,7,54,29,5652,54,1,971,4,3,7,4,20,1,4,2,19,6,3,3,0
0,4447,1,2,1,7,45,9,23163,57,4,805,3,3,8,2,9,0,2,2,12,1,5,2,1
0,5769,0,4,1,2,27,6,7100,98,10,205,4,2,4,4,6,0,2,3,11,1,3,3,0
1,2348,1,2,0,9,45,20,10901,60,9,194,2,3,15,3,17,0,2,1,18,8,2,3,1
2,5468,0,4,1,7,31,13,13402,91,29,196,1,2,7,1,12,0,2,3,14,1,3,4,0
1,6142,1,2,1,2,27,6,5174,87,4,155,2,4,3,2,6,0,2,3,20,1,0,3,1
1,10482,0,1,1,6,44,24,2326,91,1,1376,2,2,6,4,20,1,3,3,14,9,1,2,0
1,2572,0,4,1,2,35,3,20317,72,8,384,1,3,2,2,3,0,1,2,16,1,1,4,1
0,5666,0,4,0,3,38,6,19899,85,10,152,3,3,3,2,5,0,2,3,13,1,1,3,0
1,2862,1,4,1,0,30,10,3811,33,16,793,2,3,8,2,10,0,1,2,12,1,2,1,1
0,2836,1,2,0,0,20,1,11757,83,1,959,4,2,0,4,1,0,1,4,13,1,0,3,1
1,3057,1,3,1,0,38,6,20471,92,2,268,4,3,1,2,1,1,1,1,13,6,0,5,0
0,4728,0,3,0,0,50,5,17251,81,1,959,4,3,0,4,0,0,2,3,14,3,4,4,0
0,2045,1,4,0,2,27,5,15174,54,3,1115,1,2,1,4,4,1,1,3,13,0,0,4,0
0,2342,0,1,1,4,36,6,8635,77,8,1278,1,2,3,3,5,0,1,3,21,0,3,3,1
1,4841,1,2,1,0,42,4,24052,68,2,1210,3,2,0,2,1,1,1,3,14,4,3,3,0
0,15787,1,3,1,2,58,23,21624,87,15,1216,1,3,2,2,2,0,4,3,14,2,3,4,1
1,7119,1,4,0,2,33,9,21214,34,5,654,4,2,2,3,3,0,3,3,15,4,2,3,1
0,11631,1,1,0,10,34,14,5615,45,5,1354,3,2,8,4,11,1,3,3,12,2,6,3,0
1,3917,1,4,0,2,35,3,9541,45,10,802,2,3,2,1,3,0,1,2,20,1,4,3,0
0,8606,1,2,0,8,35,11,21195,91,16,1029,4,2,3,4,11,0,3,1,19,1,3,3,1
1,4766,1,4,1,0,41,6,9051,46,12,167,2,3,0,1,1,0,1,3,11,3,4,4,1
2,16959,0,4,1,12,43,25,19494,92,26,394,3,3,12,4,25,0,4,4,12,1,3,2,1
0,2795,1,4,0,0,32,1,18016,87,25,374,1,3,1,3,1,0,1,1,24,1,2,4,1
1,10685,1,3,1,14,35,17,23457,66,9,607,4,2,15,2,17,0,3,3,20,1,2,3,1
0,2657,1,2,0,2,31,3,7551,42,9,408,3,2,2,4,2,0,1,3,16,0,5,4,1
0,13496,1,4,1,7,45,21,7501,79,20,1385,3,3,10,2,20,1,4,3,14,0,2,2,0
1,2277,0,2,0,3,33,7,22650,57,3,1075,4,3,3,3,4,0,1,4,11,3,4,2,0
2,6209,0,4,1,7,32,10,11693,56,8,604,3,4,8,3,10,1,2,4,15,1,4,3,0
0,4033,1,3,0,2,34,5,15834,95,2,1003,4,3,2,4,3,0,2,2,11,2,3,2,1
3,4327,0,2,1,0,40,5,25440,62,2,1184,2,3,0,4,0,1,2,3,12,5,2,4,0
0,4568,0,3,0,5,34,10,10034,72,23,1065,2,3,7,3,9,0,2,3,20,0,2,4,0
2,3055,1,2,0,8,33,11,6194,90,4,775,4,3,7,4,9,0,2,2,15,5,2,3,0
3,4078,0,2,1,2,32,4,20497,36,2,499,3,3,2,1,3,0,2,2,13,0,3,1,0
0,2678,0,4,0,1,20,2,5050,43,21,654,3,4,2,4,2,0,1,3,17,1,2,3,0
0,8858,1,4,0,8,36,15,15669,51,12,796,4,2,8,2,14,1,3,2,11,0,2,5,0
1,3468,1,2,1,2,27,6,16632,40,2,591,1,3,2,4,2,1,1,3,12,9,3,1,0
1,3229,1,4,1,2,25,7,4910,81,1,949,1,3,2,2,3,0,1,2,11,4,2,3,0
2,4189,0,2,1,2,37,5,8800,46,9,589,2,2,3,1,5,0,2,3,14,1,2,2,0
1,16872,0,2,1,7,46,28,14977,75,2,488,3,1,7,2,7,0,4,2,12,3,2,3,0
2,5770,1,4,0,7,45,10,5388,59,2,1329,4,2,9,1,10,0,2,3,19,1,3,2,0
3,9713,0,4,1,3,34,9,24444,64,4,1480,3,3,0,4,5,0,3,3,13,2,3,3,1
0,3894,1,3,0,2,22,4,9129,99,4,1368,3,2,2,3,2,0,1,3,16,5,3,1,0
0,9362,1,4,0,2,35,10,19944,60,18,200,3,3,2,3,2,0,3,3,11,2,2,2,1
0,2362,1,1,0,7,29,11,7568,100,1,224,1,2,7,3,9,0,1,1,13,6,2,4,0
0,13499,1,3,0,7,40,20,13782,88,9,593,2,3,13,3,18,1,3,2,17,9,3,4,0
0,2956,0,1,1,0,31,2,21495,89,18,359,4,4,0,3,1,0,1,3,17,0,4,5,0
3,9613,1,4,0,10,39,19,10942,48,1,1132,3,4,7,1,18,1,3,2,17,0,5,3,0
1,4877,1,1,0,3,28,6,20460,39,27,580,2,1,0,2,5,1,2,2,21,0,5,3,0
2,11878,1,2,1,6,33,12,23364,74,5,553,4,3,8,2,10,0,3,3,11,6,2,4,1
0,1483,1,2,0,0,19,1,16102,79,3,1181,2,3,0,4,1,1,1,3,14,1,3,1,0
0,3280,1,4,0,2,34,10,13551,72,1,182,2,4,3,3,4,0,1,3,16,2,2,4,1
0,5381,1,3,0,0,48,23,19294,98,1,626,1,2,0,4,1,0,3,3,13,9,2,2,1
3,5377,1,1,1,7,39,10,3835,76,10,1387,2,3,7,4,7,1,2,3,13,2,3,5,0
1,4148,1,1,1,3,31,4,11275,96,1,853,3,3,3,3,4,0,2,3,12,1,1,1,1
1,2539,1,3,1,2,27,4,7950,55,6,199,4,2,2,3,4,0,1,3,13,1,0,3,1
0,2972,1,4,0,0,34,1,22061,35,7,479,1,3,0,3,1,1,1,1,13,1,4,4,0
2,2400,0,4,1,2,24,3,5530,38,24,535,4,3,1,3,2,1,1,3,13,0,3,3,0
0,13142,1,2,0,2,51,29,24439,82,11,1405,4,2,3,2,5,0,4,2,16,3,1,2,0
1,17924,1,1,0,6,50,31,4544,98,2,881,1,3,7,4,31,0,4,3,11,1,3,4,1
1,2218,1,1,1,2,31,4,16193,98,1,329,4,2,2,3,4,0,1,3,12,1,3,2,1
1,8847,1,2,0,2,36,13,13934,48,9,913,2,2,2,3,3,1,2,3,11,2,2,2,0
0,4478,0,3,0,4,27,5,5242,74,2,1377,4,3,4,1,5,0,2,3,11,1,3,3,1
0,3944,1,4,0,2,38,6,4306,45,2,371,4,3,2,3,3,0,1,3,11,5,3,3,1
1,9705,0,2,0,0,40,11,20652,67,10,658,1,2,0,2,1,0,3,2,12,2,2,4,0
2,2645,1,3,0,3,43,6,21923,72,2,1273,4,4,4,4,5,1,1,2,12,1,3,2,0
3,2517,1,3,0,3,27,5,3208,76,4,1167,1,3,3,2,5,0,1,3,11,1,2,2,1
1,2703,1,3,0,1,28,3,22088,39,6,773,3,2,2,4,3,0,1,3,14,1,2,3,1
0,2379,1,4,0,4,27,6,19826,53,5,1297,4,3,2,3,5,0,1,2,14,0,3,2,1
2,2654,1,4,1,2,45,8,9655,69,10,192,1,3,2,4,2,0,1,2,21,3,3,2,1
2,4444,1,2,0,8,34,15,22534,46,19,135,3,3,10,3,11,1,2,4,13,4,2,3,0
2,8793,1,1,0,7,27,9,4809,32,10,294,4,3,7,3,9,0,3,2,21,1,4,2,1
1,11904,0,4,1,4,59,14,11038,66,1,1089,2,3,4,3,6,0,3,1,14,3,1,2,0
0,10209,1,3,0,2,44,16,19719,86,2,1193,2,3,2,2,2,1,3,2,18,5,2,1,0
1,13675,1,3,0,2,31,9,13523,73,3,1327,2,3,2,1,2,1,3,3,12,9,3,4,0
1,2073,1,3,1,2,23,4,12826,45,10,977,4,4,2,4,2,0,1,3,16,2,2,3,0
1,8823,1,3,1,9,38,20,24608,65,17,330,3,2,9,1,19,0,3,2,18,0,4,1,1
1,16627,1,4,0,0,43,21,2671,50,6,782,2,2,0,3,1,0,4,2,14,4,3,4,0
0,8998,0,4,0,8,32,9,15589,43,8,967,2,3,7,4,9,0,3,3,14,1,2,3,0
0,4249,1,3,0,6,35,9,2690,87,4,482,3,3,1,2,9,0,2,3,11,1,3,4,1
0,2552,1,1,0,1,19,1,7172,54,9,645,3,3,0,3,1,0,1,3,25,1,4,2,1
1,10761,0,1,0,4,45,18,19239,74,9,930,4,3,2,3,5,0,3,3,12,4,2,3,0
0,4294,0,1,0,7,26,7,11148,52,1,1283,3,2,7,2,7,1,2,3,12,1,2,3,0
0,7587,0,1,0,7,36,10,14229,76,8,1434,1,2,9,2,10,0,3,3,15,1,1,4,1
1,7510,1,3,1,9,43,10,16873,30,11,574,1,3,9,2,10,0,3,3,17,1,1,3,1
2,2935,1,4,0,0,22,1,7324,96,16,1123,4,4,0,2,1,1,1,2,13,1,2,2,0
0,1675,0,3,0,0,19,0,26820,50,22,528,4,3,0,4,0,0,1,2,19,1,2,1,0
0,5410,1,2,0,14,36,18,2323,53,2,429,3,3,12,4,16,0,2,3,11,9,2,4,1
0,2785,0,4,0,0,31,3,11882,90,2,703,3,2,0,3,1,0,1,4,14,7,3,3,1
3,5131,1,2,0,2,36,18,9192,97,4,688,4,3,2,2,4,0,2,3,13,7,3,2,1
1,19999,1,3,1,18,52,34,5678,65,1,699,3,2,9,1,33,0,5,3,14,0,5,4,1
2,3312,1,4,1,2,32,6,18783,35,5,634,2,4,2,4,3,0,1,3,17,3,3,4,0
1,10920,1,3,1,4,39,13,3449,71,25,1485,3,3,5,2,6,0,3,3,21,3,2,2,1
2,3482,0,4,0,8,52,16,19788,40,29,585,1,3,0,2,9,0,1,2,15,2,3,4,1
1,3433,1,3,1,2,32,10,17360,56,10,585,1,3,3,1,5,0,1,2,13,6,3,3,1
0,2553,1,4,0,2,34,6,8306,100,16,702,3,2,3,3,5,0,1,3,16,1,3,4,1
1,3929,1,4,1,2,31,7,6984,95,12,140,3,3,2,3,4,1,1,3,23,8,0,1,0
0,1200,0,3,0,0,18,0,9724,69,10,812,4,2,0,1,0,1,1,3,12,1,2,3,0
0,3447,0,3,0,2,21,3,24444,49,22,1343,3,3,2,3,3,0,1,3,11,1,2,1,0
1,6962,1,2,1,0,36,15,19573,73,2,430,4,3,0,4,1,0,2,3,22,4,2,4,0
3,3907,1,1,0,2,24,6,3622,91,29,506,2,3,2,2,6,1,1,4,13,1,2,1,0
0,2929,1,4,1,9,34,10,20338,35,19,678,2,2,7,2,10,0,1,3,12,1,3,3,1
1,4851,0,2,1,2,25,4,15678,57,8,810,4,4,2,3,3,0,2,3,22,0,4,3,1
1,1563,1,3,0,0,28,1,12530,72,1,1423,1,2,0,4,1,0,1,1,14,1,2,3,1
1,2127,1,2,1,0,24,1,9100,94,17,823,4,2,0,4,1,0,1,3,21,1,2,2,0
1,3346,1,2,1,0,58,9,11873,75,9,1145,2,2,0,2,1,1,1,2,20,4,3,3,0
2,3298,1,2,0,2,32,7,15053,80,5,334,1,4,5,4,6,0,1,2,12,0,5,2,1
3,3180,1,2,1,2,29,4,4668,97,2,410,4,3,2,3,3,0,1,3,13,0,3,1,1
0,2642,0,3,0,0,29,1,2755,99,10,1396,3,3,0,3,1,0,1,3,11,1,6,3,1
0,2559,1,1,1,7,44,8,7508,61,9,661,2,3,1,4,8,0,1,3,13,1,0,2,1
0,3989,1,3,0,4,23,5,20586,93,8,1320,4,2,2,1,5,1,1,3,11,1,2,1,0
2,5647,0,1,1,2,36,11,13494,98,16,329,3,2,2,1,3,0,2,2,13,4,3,4,0
0,5562,1,2,0,7,46,19,9697,34,13,717,3,3,9,4,10,0,2,3,14,6,3,4,1
0,4661,1,4,0,8,40,9,22455,98,2,523,3,3,8,3,9,0,2,3,13,1,4,3,1
1,3065,1,1,0,2,31,4,3995,48,3,976,3,3,3,4,4,1,1,4,13,1,3,2,0
1,5415,1,4,1,7,55,12,15972,37,20,147,2,3,8,4,10,0,2,3,19,3,4,2,0
1,2377,1,3,0,1,26,1,19373,37,21,1330,1,3,0,3,1,1,1,2,20,1,0,3,0
1,2177,1,4,1,0,59,7,8456,70,3,142,3,2,0,1,1,0,1,3,17,3,6,3,1
0,3919,1,1,0,2,32,10,4681,72,16,1125,2,1,7,2,10,0,1,3,22,1,5,1,1
0,2983,0,2,0,2,30,4,18398,57,7,413,4,3,2,1,3,0,1,3,14,0,3,1,0
1,2269,0,2,1,2,32,3,18024,68,1,234,2,2,2,2,2,1,1,3,14,0,2,4,0
0,2389,1,4,0,3,29,4,14961,86,18,896,3,2,1,3,4,1,1,2,13,1,3,1,0
0,2014,0,4,1,2,35,2,9687,97,2,890,4,3,2,1,2,0,1,3,13,1,3,3,0
1,19845,0,4,1,14,52,33,25846,57,2,266,1,1,9,4,32,0,5,3,15,1,3,1,0
1,2345,1,3,0,1,40,8,8045,68,2,896,3,3,2,3,3,1,1,4,14,2,3,3,0
0,4707,0,3,1,2,32,6,23914,60,11,1474,4,4,2,4,4,0,2,3,12,8,2,4,0
0,5147,0,2,0,7,33,13,10697,62,2,1283,4,3,7,4,11,0,2,2,15,8,2,3,0
0,18880,1,3,1,6,42,24,17312,56,2,300,1,3,14,1,22,0,5,2,11,5,2,3,1
0,2519,1,3,0,8,36,16,12287,79,2,938,3,3,9,3,11,1,1,3,21,4,6,4,0
1,17174,1,4,0,17,48,24,2437,58,22,117,4,3,7,2,22,1,4,3,11,3,3,3,0
1,3580,1,1,1,2,49,7,10554,36,1,1418,3,3,2,2,4,0,1,3,16,2,2,3,0
0,3539,0,4,0,7,43,10,5033,97,2,244,2,3,8,2,9,0,1,3,13,0,5,3,1
3,5768,1,3,1,3,37,9,26493,85,19,671,3,3,2,1,4,0,2,2,17,3,2,3,1
0,16704,1,2,0,6,45,21,17119,48,28,1005,4,2,6,3,21,0,4,3,11,1,2,2,0
1,2662,1,4,1,2,55,19,7975,98,2,836,2,2,4,2,5,0,1,4,20,8,2,4,0
2,2596,1,2,0,0,28,1,7160,45,1,1009,1,2,0,1,1,1,1,3,15,1,2,3,0
2,2323,1,4,1,2,22,2,11992,80,19,1256,3,3,2,1,2,1,1,3,24,1,6,1,0
0,19717,0,2,0,3,56,36,4022,99,8,206,4,3,7,1,7,0,5,3,14,6,4,4,1
0,4581,0,4,0,9,35,13,10414,36,12,880,4,3,7,1,11,0,2,4,24,3,2,4,0
1,13120,0,2,1,8,49,22,11879,56,8,174,4,2,3,2,9,0,4,3,17,6,3,4,0
1,2145,0,4,1,2,24,3,2097,59,10,897,1,3,1,4,2,1,1,3,14,0,2,3,0
1,7379,1,4,0,3,46,12,17433,60,2,150,4,3,4,3,6,0,2,2,11,2,3,4,0
0,18824,0,2,0,10,45,26,2493,94,2,1449,1,1,11,1,24,0,5,3,16,2,2,3,0
1,2306,0,3,1,7,53,13,16047,34,6,1436,2,3,5,4,7,0,2,1,20,2,3,2,0
2,5906,1,4,1,8,45,10,23888,93,25,556,2,2,8,4,9,0,2,2,13,0,2,2,1
1,7725,1,4,0,11,33,15,5335,30,6,1296,3,3,7,3,13,0,2,1,23,3,2,3,1
0,17567,0,1,0,0,46,27,3156,56,1,563,4,4,12,2,26,0,4,1,15,1,5,4,1
1,6883,1,3,1,7,35,17,5151,49,27,1370,4,3,7,2,7,0,2,3,16,2,3,4,1
0,4809,1,3,0,13,34,16,12482,41,6,665,1,3,10,3,16,0,2,3,14,1,3,4,0
3,2694,1,2,0,0,24,1,26551,60,9,1092,3,2,0,3,1,0,1,3,11,1,4,3,1
1,2705,1,3,1,4,35,6,9696,91,23,185,2,1,3,2,5,1,1,4,16,0,2,4,0
1,4385,0,1,1,7,45,10,24162,52,26,336,1,2,5,1,10,0,2,3,15,1,2,3,0
1,9884,1,1,1,0,35,10,8302,79,11,1097,3,2,3,3,4,1,3,3,13,2,3,2,0
2,7295,0,2,1,8,35,10,11439,94,1,662,3,3,6,1,10,0,3,3,13,1,3,5,0
1,8392,0,1,1,7,41,10,19566,49,1,645,2,4,7,3,10,0,3,3,16,1,2,3,0
1,4878,1,4,1,7,33,10,21653,95,15,501,2,3,1,1,9,1,2,3,13,0,6,2,0
0,2153,1,4,0,1,36,8,7703,73,18,635,2,3,7,1,8,1,1,3,13,1,2,1,0
0,2647,1,4,0,2,23,5,13672,78,12,571,4,3,4,3,5,0,1,4,13,1,6,2,0
0,4723,1,1,0,9,29,10,16213,87,3,1370,2,3,5,4,10,1,1,3,18,1,3,1,0
0,9526,1,3,0,7,38,10,8787,44,23,216,4,2,8,2,9,0,3,3,21,0,2,3,1
0,16422,1,2,0,2,31,9,8847,93,8,182,1,3,0,3,3,0,4,4,11,3,3,5,1
1,5675,0,4,1,7,43,7,19246,92,2,1422,1,3,7,3,7,0,2,3,20,1,5,4,1
0,3172,1,1,0,0,24,4,16998,89,9,381,2,3,0,3,0,1,1,2,11,2,2,3,0
1,4805,0,2,1,7,45,9,16177,61,2,561,4,3,7,2,8,0,2,4,19,0,3,3,0
0,6545,1,1,0,2,42,10,23016,82,17,916,4,4,2,3,3,0,2,3,13,3,1,2,1
0,6812,1,1,0,9,31,10,17198,96,24,1062,3,2,8,2,10,1,2,3,19,1,2,3,0
1,2044,1,4,1,3,28,5,5531,82,1,1181,3,3,3,3,5,0,1,4,11,1,6,3,1
1,2743,1,2,1,2,32,2,7331,77,13,116,3,2,2,3,2,0,1,3,20,1,2,3,0
0,2867,1,1,0,7,26,8,20006,95,1,157,3,3,6,4,7,1,1,2,13,0,6,3,0
1,3761,1,4,0,4,30,10,2373,75,5,1012,2,2,3,2,5,0,1,2,12,9,3,4,1
2,2904,1,4,0,2,23,4,16092,83,26,1309,3,3,2,3,4,0,1,2,12,1,2,1,1
1,5811,1,4,1,0,38,15,24539,60,18,833,2,1,0,3,1,1,2,3,16,3,2,3,0
0,2176,1,1,0,2,32,9,19737,84,2,128,4,2,4,4,6,0,2,3,13,4,5,1,0
1,5605,1,2,0,7,40,20,8504,54,26,1395,2,3,13,1,20,1,2,3,11,1,2,3,0
1,6447,1,2,1,5,37,8,15701,65,1,446,2,3,3,2,6,0,2,2,12,6,2,4,1
0,3162,1,4,1,2,24,6,10778,46,4,1269,1,2,4,4,5,0,1,2,17,0,2,1,1
0,2809,1,3,0,2,40,8,2725,52,2,1322,3,2,2,4,2,0,1,3,14,2,2,4,1
0,2810,1,2,1,4,36,5,9238,66,9,1351,1,4,2,2,5,0,1,3,22,1,3,4,1
1,2500,1,1,1,3,23,5,4344,37,9,650,2,3,2,4,4,1,1,4,14,1,2,1,0
1,7978,1,4,1,7,44,10,14075,73,15,621,1,3,5,4,10,1,3,3,11,1,2,3,0
2,4089,1,4,1,2,42,10,5718,81,2,622,3,3,2,2,10,0,2,3,13,1,4,4,1
0,2804,0,2,1,0,29,1,15434,87,6,352,4,2,0,4,1,1,1,3,11,1,3,1,0
0,2166,1,1,0,2,40,10,3339,73,7,1329,1,3,3,2,4,0,1,1,14,3,3,3,1
0,2720,1,4,0,3,30,6,11162,35,2,1427,2,2,2,4,5,1,1,3,13,0,3,1,0
0,6577,0,3,0,4,30,6,19558,83,12,1082,2,3,4,2,5,0,2,3,11,0,6,3,0
0,17861,1,3,1,8,42,21,26582,37,2,495,3,3,10,4,20,0,4,2,13,0,3,1,1
2,5087,0,4,0,0,42,14,2900,77,12,419,2,3,0,3,0,0,2,3,12,3,4,4,0
0,4908,0,4,0,2,28,4,24252,98,5,821,1,3,2,2,4,1,2,3,14,1,3,4,0
0,2340,1,4,0,0,26,1,23213,66,24,471,3,1,0,2,1,0,1,1,18,1,3,3,0
1,19033,1,3,1,8,40,21,6499,46,4,989,4,3,9,2,20,1,5,3,14,1,2,1,0
1,3211,1,1,1,6,49,10,22102,84,25,722,3,3,4,4,9,0,1,2,14,1,3,4,1
3,2305,1,3,1,2,26,3,6217,62,17,390,4,1,2,3,3,1,1,4,15,1,3,4,0
0,5160,0,4,0,7,55,12,21519,37,2,436,3,3,3,3,9,1,2,2,16,4,3,1,0
0,2632,1,3,0,4,30,5,23910,75,18,438,1,3,4,3,5,0,1,2,14,1,4,3,1
1,6347,0,3,1,7,50,19,24920,95,1,145,4,3,13,1,18,0,2,3,12,0,3,3,1
1,4614,0,3,1,2,35,5,23288,67,18,662,4,3,2,3,4,0,2,2,18,0,0,4,0
1,5265,1,3,0,3,42,11,16439,36,21,926,3,3,2,2,5,1,2,3,16,2,5,2,0
1,2781,1,4,1,10,33,15,6311,60,9,117,1,3,10,2,14,1,1,3,13,0,5,3,0
2,19144,1,2,0,4,50,28,15815,96,4,797,1,3,6,1,10,0,5,2,14,3,4,1,1
0,5828,0,4,0,7,26,8,8450,48,4,950,4,2,4,2,8,0,2,3,12,1,0,4,0
3,4787,1,4,1,2,29,4,26124,36,1,1092,1,3,2,2,2,1,1,4,14,9,3,4,0
1,19197,1,3,0,8,39,21,8213,52,1,1218,2,3,6,3,21,0,5,3,14,1,3,1,1
3,4963,1,2,1,4,56,7,4510,72,14,441,2,3,3,1,5,0,1,3,18,9,2,4,1
1,3537,1,2,0,2,55,8,23737,94,22,1441,1,2,2,4,4,0,1,3,12,5,1,3,0
1,3815,1,3,0,3,34,5,5972,43,10,878,4,3,0,4,5,1,1,4,17,1,4,4,0
0,4323,0,3,0,4,35,6,7108,100,8,528,3,3,4,2,5,0,1,1,17,1,2,4,0
1,2911,1,4,1,2,33,2,14776,63,5,832,3,2,2,3,2,0,1,2,13,1,2,4,1
0,5617,0,4,1,7,31,10,21075,63,26,754,1,3,8,3,10,0,2,3,11,1,4,4,0
0,2144,1,3,0,3,28,5,2122,49,16,1103,3,3,4,3,5,1,1,2,14,1,3,3,0
0,1569,0,4,0,0,18,0,18420,70,3,544,2,3,0,3,0,1,1,4,12,1,2,2,0
2,7596,0,3,1,9,36,10,3809,61,2,164,2,2,0,2,10,1,3,3,13,1,2,2,0
0,9667,1,3,0,7,30,9,2739,64,10,1092,1,3,2,2,7,1,3,3,14,9,3,3,0
1,4477,1,3,1,2,45,7,20100,83,7,1457,1,3,2,3,3,1,1,2,19,4,2,3,0
1,5940,0,1,1,2,54,16,17011,52,3,1147,4,3,5,4,6,0,2,3,14,2,4,3,0
1,6524,0,2,1,8,32,10,8891,48,5,379,2,3,3,4,10,0,2,3,14,1,3,2,1
1,5130,1,2,1,7,49,10,24907,61,8,279,3,2,7,4,10,0,2,3,23,1,3,1,1
0,17328,0,4,0,3,54,23,13871,30,26,142,4,4,4,3,5,0,4,3,12,2,3,3,0
0,4601,0,3,1,2,35,5,6179,86,18,1219,3,3,0,2,5,1,2,3,16,1,3,3,0
3,1129,1,4,0,0,31,1,17536,59,2,1276,4,1,0,3,1,1,1,3,11,1,4,1,0
0,6151,0,2,0,2,41,19,22074,40,10,256,3,1,9,1,19,1,2,3,13,1,4,2,0
0,4213,1,1,0,3,37,10,4992,58,10,370,4,3,8,2,10,1,2,1,15,1,4,4,0
0,9907,0,2,0,2,32,7,26186,82,2,414,3,2,2,3,2,0,2,2,12,7,3,4,0
1,2093,1,3,1,2,42,8,9260,97,5,1474,2,3,0,4,2,0,1,3,17,4,4,2,0
3,2408,1,2,1,1,28,1,7324,51,24,329,3,3,0,3,1,1,1,3,17,1,3,3,0
1,2468,1,2,1,1,38,9,15963,75,2,594,3,2,5,2,6,1,1,2,14,4,4,2,0
0,2693,1,4,0,0,21,1,8870,65,18,1427,4,3,0,1,1,0,1,2,19,1,3,1,0
0,4788,1,2,1,2,35,4,25388,44,16,219,4,2,2,4,3,0,2,3,11,0,2,2,0
3,8161,0,3,1,0,31,10,19002,70,16,1079,1,3,0,1,1,0,3,3,13,2,2,4,0
1,4448,1,1,0,4,40,15,10748,47,12,750,2,3,7,2,7,0,2,3,12,2,3,3,1
0,4941,1,2,1,2,52,11,17747,85,8,723,3,2,7,1,8,1,2,2,15,2,3,4,0
1,2973,0,4,1,4,37,10,21222,54,21,1231,3,3,0,2,5,1,1,3,15,5,3,2,0
0,2321,1,1,0,2,31,4,10322,46,9,335,3,2,2,1,3,1,1,3,22,0,0,2,0
1,3143,1,1,1,8,33,14,6076,90,8,867,4,4,6,2,10,0,1,3,19,6,1,4,1
0,1611,1,4,0,0,18,0,19305,97,1,1124,4,3,0,3,0,0,1,4,15,1,5,3,1
0,13826,1,4,1,8,52,31,19028,81,25,890,3,2,0,3,9,1,4,3,22,3,3,4,0
0,2515,1,4,0,1,42,8,9068,35,2,1271,2,3,2,4,2,1,1,3,14,5,2,1,0
0,3445,1,4,0,2,27,6,6152,67,8,1054,3,3,4,3,6,1,1,2,11,1,5,3,0
1,13744,1,4,1,11,37,16,15471,42,10,161,3,4,8,1,16,0,3,3,25,1,2,3,1
0,4507,0,4,0,1,49,8,8191,80,11,1313,4,3,4,3,5,0,2,4,12,3,1,4,0
1,4393,0,2,1,4,41,14,26841,54,8,337,3,3,4,3,5,0,2,3,21,5,3,3,0
3,6694,0,4,0,0,37,8,24223,88,10,309,4,2,0,3,1,0,2,3,14,2,5,4,1
3,2800,0,3,0,2,29,5,23522,48,1,341,2,2,2,3,3,1,1,3,19,6,3,3,0
0,1359,0,3,0,0,31,1,16154,50,1,667,2,1,0,2,1,0,1,3,12,1,3,4,1
0,2450,1,4,0,2,53,19,10919,86,6,346,4,3,2,4,2,0,2,3,17,2,4,3,1
1,13582,1,1,1,12,38,15,16292,80,1,1333,4,3,11,2,15,0,3,3,13,1,3,3,0
2,2782,1,1,0,3,37,6,19905,82,10,571,4,3,3,2,5,0,1,2,13,0,3,1,1
1,9250,0,2,1,2,30,9,17799,33,29,1288,3,3,3,2,4,0,3,3,12,3,3,4,0
2,2289,1,1,0,3,41,5,20520,94,9,548,3,3,4,2,5,0,1,3,20,1,2,4,1
1,6842,1,1,0,4,36,13,26308,79,3,1040,4,4,4,1,5,0,2,3,20,6,3,2,1
0,8621,1,2,0,7,34,9,17654,46,9,1442,4,2,7,2,8,1,3,4,14,1,3,3,0
1,2404,0,3,1,0,35,1,16192,76,7,660,4,3,0,1,1,0,1,3,13,1,3,1,1
0,2216,1,2,0,7,28,10,3872,67,1,654,1,1,7,4,7,0,1,3,13,7,4,2,1
3,15972,0,2,0,2,47,29,21086,47,2,1225,2,4,2,3,3,0,4,3,14,6,2,4,1
0,4969,0,1,0,2,26,7,21813,79,29,265,2,1,2,4,2,1,2,3,18,8,6,2,0
0,8103,0,4,1,2,34,9,16495,75,3,735,4,2,1,3,4,1,2,2,12,3,3,1,0
2,5460,0,4,0,7,31,13,6219,66,6,525,1,4,7,4,7,1,2,4,22,4,4,4,0
1,13549,1,3,1,3,54,16,24001,60,2,1217,1,3,3,1,4,0,3,1,12,9,5,4,0
1,3420,1,4,1,5,47,17,10205,74,1,465,1,3,2,3,6,0,1,2,12,7,2,3,0
0,6180,0,4,0,5,25,6,22807,32,26,883,3,3,4,2,6,1,2,2,23,1,5,1,0
3,19038,1,1,1,0,55,34,19805,60,2,478,3,2,0,2,1,1,5,3,12,8,2,3,0
0,2380,1,4,1,0,50,8,20165,64,9,804,1,3,0,2,1,0,1,3,18,4,5,3,1
1,3600,0,3,1,4,33,5,8429,99,2,147,2,3,4,4,5,0,1,3,13,1,2,3,0
1,2011,1,4,1,5,44,10,19982,72,2,1117,1,4,7,4,10,0,1,3,13,1,5,1,1
3,5486,0,1,0,2,48,15,24795,96,7,1221,3,3,2,1,2,0,2,3,11,4,3,3,0
1,2328,1,2,0,2,22,4,12392,60,5,1136,4,4,2,1,4,0,1,2,16,1,2,3,1
1,19406,1,1,1,2,54,24,8509,86,5,821,1,3,2,3,4,1,5,2,11,4,4,2,0
0,7756,1,4,0,2,34,7,22266,45,3,618,1,3,4,3,6,0,2,2,17,0,1,1,1
3,8966,0,1,1,7,35,15,21026,94,17,1361,3,3,7,4,7,0,2,3,15,3,2,4,1
0,4487,0,4,0,4,25,5,12090,99,4,891,2,2,3,2,5,0,2,3,11,1,3,2,1
1,19237,1,3,1,1,50,29,12853,62,2,1464,2,3,7,4,8,1,5,2,11,2,2,4,0
1,2933,1,3,1,0,26,1,14908,90,1,482,2,2,0,3,1,0,1,2,13,1,3,2,1
1,9610,0,3,1,3,32,10,3840,80,19,371,4,1,2,3,4,0,3,1,13,3,2,3,1
0,2127,1,3,1,2,41,7,5561,90,5,1283,2,4,3,1,4,1,1,2,12,2,5,5,0
1,2899,0,2,1,2,38,3,12102,98,9,395,2,2,2,4,2,0,1,3,19,0,3,3,0
0,4779,0,2,1,7,28,8,3698,81,2,760,2,3,5,1,8,0,2,3,20,1,2,4,0
1,4103,0,1,0,3,41,10,4297,66,1,1018,3,3,7,4,9,0,2,3,17,0,2,3,0
1,3743,1,2,0,2,35,5,10074,39,14,622,3,2,2,4,4,0,1,1,24,1,2,4,0
3,2413,0,2,1,0,25,1,18798,36,19,867,3,2,0,3,1,0,1,3,18,1,2,2,0
0,13872,0,3,0,10,58,38,24409,37,10,682,4,3,8,3,37,1,4,2,13,0,1,4,0
0,16885,1,4,0,4,48,27,16154,35,1,1262,1,4,1,3,5,1,4,2,22,2,3,4,0
0,7969,1,3,1,4,52,28,19609,39,3,319,4,2,4,3,5,1,3,3,14,2,4,3,0
0,8381,0,1,0,7,53,18,7507,34,1,238,4,3,10,4,14,1,2,4,20,7,2,1,0
1,4789,1,1,1,2,49,10,23070,43,3,271,3,2,2,1,3,1,2,3,25,4,3,2,0
1,2909,0,3,1,2,28,5,15747,92,1,1496,1,3,2,4,3,0,1,4,15,3,3,3,0
1,3867,1,4,1,2,28,2,14222,52,2,193,4,2,2,2,2,0,1,3,12,1,2,3,1
3,2461,1,3,1,0,51,18,10332,34,4,1323,1,3,7,3,10,0,1,4,12,9,2,4,1
1,4298,1,1,1,2,27,6,9679,60,1,472,3,2,0,3,2,0,2,3,19,5,1,1,0
1,2942,0,3,1,7,26,8,8916,61,25,1355,3,3,7,4,8,0,1,3,23,1,3,1,1
1,4768,0,3,1,0,44,11,9282,79,1,383,1,3,0,3,1,0,2,2,12,7,4,5,0
1,1951,1,4,0,0,35,1,10910,75,4,464,3,3,0,3,1,0,1,3,12,1,3,2,0
0,2099,1,1,1,0,27,6,7679,91,11,1377,2,3,4,2,5,0,1,4,14,0,3,1,1
0,3212,1,4,0,2,52,6,3300,89,2,1323,3,2,2,2,2,0,1,2,15,7,3,3,1
0,5304,0,4,0,2,34,9,4652,67,19,1362,1,4,4,2,5,0,2,2,13,8,3,3,0
1,2373,1,2,0,2,26,5,14180,45,16,1449,1,3,2,4,3,1,1,3,13,2,2,4,0
2,2886,1,4,0,2,26,3,3032,90,23,1349,1,3,2,2,3,0,1,1,22,1,3,3,1
1,3448,1,3,1,0,40,20,13436,78,2,555,2,2,0,2,1,1,2,3,22,6,3,3,0
1,16752,1,4,1,14,47,26,12982,33,2,202,3,3,0,3,26,0,4,2,11,1,3,2,0
0,10306,0,1,1,12,35,15,21530,55,10,737,4,2,0,3,13,1,3,3,17,9,3,3,0
0,14411,1,4,0,6,50,32,24450,88,22,333,3,1,9,4,32,1,4,3,13,1,2,5,0
0,10903,1,2,1,10,35,16,9129,78,25,672,4,2,8,1,13,0,3,3,16,3,2,3,0
0,3117,1,4,0,2,21,3,26009,97,5,546,3,3,2,3,2,1,1,3,18,1,2,1,0
1,2226,1,2,1,3,27,6,6073,41,2,1354,2,3,2,3,5,0,1,2,11,1,3,4,0
0,8120,0,2,1,2,48,12,18597,56,2,817,2,4,2,4,2,0,2,3,12,3,3,1,0
3,10096,1,3,0,14,36,17,8202,59,8,1223,3,3,8,2,17,0,3,3,13,1,2,3,0
0,2028,1,3,0,2,28,6,12947,50,24,103,3,2,3,2,4,0,1,3,14,5,4,3,1
0,2013,1,2,0,3,36,15,10950,77,7,311,1,3,3,3,4,0,1,3,11,2,4,3,1
1,2064,0,3,0,3,30,6,15428,46,1,330,3,3,3,1,5,0,1,4,21,0,3,3,1
1,15402,1,1,1,2,48,21,17997,40,1,1236,4,2,2,1,3,0,4,1,11,7,3,4,1
0,16659,1,4,0,4,55,30,23258,97,2,1311,3,3,2,3,5,0,4,3,13,2,2,3,1
0,18722,1,2,0,15,55,36,13339,61,14,692,3,4,15,4,24,1,5,3,11,8,3,4,0
1,2220,0,3,1,1,34,1,18410,87,10,1333,3,3,0,4,1,0,1,3,19,1,2,4,1
0,6696,0,1,0,3,30,9,22967,52,26,334,3,2,1,3,6,0,2,2,15,5,5,4,0
0,9582,0,1,0,7,35,9,10333,86,4,1204,4,3,7,1,8,0,3,3,22,0,2,3,0
1,16032,1,4,0,9,54,26,24456,87,11,1050,2,3,12,1,14,1,4,3,20,3,2,4,0
1,6272,0,1,1,3,42,10,12858,79,2,179,4,4,3,1,4,1,2,4,16,7,3,5,0
0,3983,1,4,0,2,29,4,7621,30,9,738,2,2,2,3,3,0,1,3,17,0,2,5,0
0,4163,0,4,0,0,47,9,8571,83,4,955,4,3,7,3,9,0,2,3,17,1,0,2,1
1,13525,0,2,1,4,42,23,14864,77,26,555,3,3,8,4,20,0,4,4,14,5,2,3,0
0,1261,1,2,0,0,31,1,22262,34,8,202,1,2,0,3,1,0,1,4,12,1,3,3,1
0,13116,1,3,1,2,51,15,22984,53,3,942,1,3,2,4,2,0,3,3,11,2,2,3,0
1,16184,1,3,0,1,33,10,22578,95,1,922,1,4,5,3,6,1,4,3,19,4,2,5,0
1,9991,1,1,1,7,39,9,21457,42,6,613,4,2,7,1,7,1,3,3,15,4,5,1,0
0,2070,1,2,0,2,21,2,25326,70,1,984,4,2,2,3,2,0,1,4,11,1,6,1,0
1,3210,1,4,1,13,36,16,20251,47,6,1403,4,3,11,3,15,0,1,3,11,0,4,3,1
0,4081,1,3,0,7,43,20,20003,73,6,930,1,2,8,1,20,1,2,1,14,1,3,3,0
2,6804,1,4,0,7,49,7,23793,92,18,1002,4,3,7,1,7,0,2,3,15,1,0,4,1
1,2024,1,2,0,2,27,6,5970,57,9,691,4,3,2,4,2,1,1,1,18,6,1,3,0
1,10388,1,3,0,10,35,16,6975,57,25,583,3,3,1,3,16,1,3,2,11,1,3,4,0
3,13212,0,1,1,7,56,36,18256,86,6,906,3,4,7,4,7,0,4,2,11,9,0,3,1
1,7264,0,3,0,4,30,10,9977,62,8,231,3,3,7,1,8,0,3,4,11,5,2,2,0
0,19613,1,4,0,0,42,24,26362,93,9,1059,4,2,1,4,1,0,5,3,22,8,2,2,0
0,3505,1,3,0,2,23,2,19630,79,10,310,1,4,2,4,2,1,1,3,18,1,3,1,0
0,4400,0,1,1,2,25,6,15182,68,9,383,1,2,2,1,3,0,1,3,12,3,2,2,1
2,4162,0,3,1,4,24,5,15211,42,4,1476,4,3,3,3,5,1,2,3,12,1,3,1,0
2,2451,1,3,1,0,29,5,22376,91,9,598,3,4,0,1,1,0,1,2,18,6,2,3,1
3,7639,0,4,1,4,29,10,24525,35,27,121,2,3,9,4,10,0,3,2,22,1,3,3,0
1,2293,1,4,1,0,24,6,3020,61,1,813,2,3,0,1,2,1,1,2,16,2,2,3,0
1,10798,0,4,0,0,43,18,5268,79,25,415,3,2,0,3,1,1,3,3,13,5,5,3,0
0,6646,1,4,0,11,35,17,19368,82,6,1017,2,1,8,2,17,0,2,3,13,1,3,4,1
2,6712,0,3,1,7,34,8,8978,95,28,704,4,2,7,4,8,0,2,3,21,1,2,3,0
1,2367,1,4,0,1,28,6,18779,32,17,1404,3,2,3,1,4,0,1,2,12,5,2,3,0
0,5441,0,4,0,7,51,11,8423,71,21,632,3,3,0,4,10,0,2,1,22,0,2,4,0
0,5487,0,3,0,4,33,10,10410,43,10,217,2,3,9,2,10,0,2,2,14,1,2,4,0
0,5171,0,4,0,1,59,13,16490,48,3,326,3,2,5,4,6,0,2,3,17,5,2,3,1
0,6632,0,3,0,7,45,9,12388,46,2,954,2,1,1,1,8,0,2,3,13,0,3,2,0
0,9854,0,3,0,0,28,6,23352,84,13,1475,4,3,2,4,2,0,2,3,11,3,0,2,0
0,2323,0,4,0,2,20,2,17205,54,9,769,4,3,2,2,2,0,1,3,14,1,3,3,0
0,4465,0,4,1,2,32,4,12069,100,26,976,3,3,2,1,3,0,2,3,18,0,2,4,0
1,2661,1,4,0,2,34,3,8758,93,19,1346,2,3,2,3,2,1,1,3,11,0,2,2,0
0,2455,1,4,0,7,43,9,10675,33,10,185,3,3,7,1,8,0,1,3,19,0,5,4,1
1,6162,1,3,1,13,32,14,19124,98,4,859,3,2,8,3,14,0,2,3,12,1,3,3,1
2,5715,0,2,0,4,40,8,22553,46,2,759,4,3,3,3,5,0,2,3,12,7,5,2,0
0,2148,0,2,1,1,26,6,6889,69,20,920,4,3,4,3,5,1,1,3,11,0,3,2,0
1,2451,1,3,0,8,41,13,4609,56,14,465,1,3,8,1,9,0,1,3,12,4,2,3,1
1,2258,1,3,1,0,35,10,16340,58,1,982,4,2,7,2,8,1,1,3,12,6,2,4,0
1,4011,1,3,0,2,24,5,8232,96,11,673,1,4,3,4,4,0,2,2,18,0,5,2,0
1,11836,0,4,1,0,53,28,22789,73,8,868,1,3,2,3,2,0,4,3,14,5,3,3,0
1,19658,0,3,1,2,47,27,5220,98,26,1176,4,3,0,3,5,0,5,3,11,3,2,4,1
1,2610,1,3,1,2,31,2,6233,72,15,874,3,3,2,3,2,1,1,2,12,1,5,3,0
1,4001,0,3,0,14,34,15,12313,87,10,1375,4,3,7,3,15,0,2,3,14,1,3,3,1
0,2686,1,4,0,9,33,10,5207,63,1,527,4,3,8,3,10,0,1,2,13,1,2,4,0
2,10422,0,4,1,10,32,14,24032,48,1,801,3,3,7,3,14,0,3,3,19,1,3,4,0
0,4721,1,1,0,13,41,20,3119,59,6,263,4,3,17,3,18,1,1,3,13,2,3,3,0
1,3544,1,3,0,2,40,6,8532,74,16,458,3,3,0,2,4,0,1,3,16,9,0,2,1
0,13734,1,2,0,7,51,21,7192,98,3,313,4,3,0,3,7,1,4,3,18,3,6,3,0
0,13695,0,3,0,7,55,24,9277,85,13,267,1,4,8,3,19,0,4,2,17,6,2,4,0
1,17099,1,4,1,8,52,26,13829,70,1,1053,4,3,8,2,9,0,4,2,15,2,2,2,1
1,10725,0,2,1,7,54,16,6729,88,19,397,3,3,1,3,9,1,3,4,15,2,1,4,0
0,2272,1,3,0,3,23,5,24812,97,20,507,1,3,2,2,4,0,2,3,14,0,2,1,1
2,2725,1,4,1,5,24,6,21630,89,23,691,2,4,4,2,6,1,1,3,11,1,3,3,0
0,3033,1,3,0,2,20,2,12828,87,3,805,1,2,2,1,2,0,1,2,12,1,2,3,1
0,6861,0,4,0,0,38,19,4981,42,3,1035,2,3,0,3,1,0,2,3,12,8,1,4,1
0,2340,1,4,0,5,29,6,22673,60,15,665,3,3,5,1,6,0,1,3,19,1,1,3,1
0,3407,0,1,0,3,36,10,6986,82,9,1218,3,2,3,2,5,0,1,3,23,7,4,4,1
1,2856,0,2,1,0,28,1,3692,78,3,1172,2,3,0,4,1,1,1,3,19,1,3,3,0
0,6811,1,3,0,7,41,10,2112,62,2,509,1,2,7,1,8,0,2,3,17,2,3,4,0
1,17426,1,3,1,8,54,36,18685,91,22,584,2,3,7,3,10,1,4,3,25,3,6,5,0
1,11996,1,2,0,7,35,10,19100,71,22,1315,2,4,2,2,7,0,3,2,18,7,6,3,1
1,19187,1,3,1,9,55,23,6992,58,2,282,4,1,11,4,19,1,5,3,14,4,5,2,0
0,4930,1,4,0,4,35,6,13970,79,2,146,1,2,4,3,5,1,1,4,14,0,2,4,0
0,2285,1,4,0,0,30,3,3427,40,4,464,3,3,0,3,1,0,1,3,23,9,4,3,0
1,5593,0,3,1,10,45,15,17970,65,9,1050,2,2,12,4,15,0,2,3,13,1,2,4,1
0,19431,1,4,0,0,39,21,15302,87,9,105,4,3,3,3,6,0,5,2,13,2,3,3,1
2,8268,0,2,0,7,29,7,11866,39,10,144,4,2,7,1,7,0,2,3,14,1,2,1,0
2,2007,1,3,0,3,26,5,25265,66,1,921,1,2,3,3,5,1,1,3,13,1,5,1,0
0,2439,1,4,0,0,29,1,14753,73,24,459,4,2,0,2,1,0,1,2,24,1,3,2,1
0,4739,1,3,0,2,43,18,16090,72,28,957,2,4,2,4,3,1,1,3,12,4,2,3,0
1,2210,1,2,1,0,24,1,3372,97,17,984,4,3,0,1,1,0,1,1,13,1,3,2,1
0,6142,1,3,0,2,35,10,4223,51,10,670,1,3,4,3,5,1,2,3,16,3,4,4,0
0,10448,0,1,0,2,53,15,5843,66,24,1168,1,3,2,2,2,0,3,2,13,6,2,4,1
2,2075,1,4,1,2,51,10,18725,96,9,432,4,3,3,2,4,0,1,3,23,3,4,4,1
1,5257,1,3,0,7,43,9,6227,82,10,559,3,2,0,2,9,0,2,4,11,1,3,4,1
0,3295,1,2,0,2,23,3,12862,51,4,160,3,3,2,3,3,1,1,1,13,1,3,1,0
1,16595,0,1,1,16,41,22,5626,91,2,1276,2,3,8,2,18,0,4,3,16,7,2,5,1
1,6146,0,2,1,7,33,8,15480,95,22,750,3,3,7,1,7,0,2,4,13,0,2,2,0
1,6651,1,3,1,2,49,20,21534,96,5,1495,1,3,2,2,3,0,2,2,14,2,0,4,0
1,5207,1,3,1,14,33,15,22949,79,28,589,2,3,7,2,15,0,2,3,12,1,3,4,1
2,3407,1,3,1,9,35,10,25348,46,28,750,2,4,8,4,10,0,2,2,17,1,3,3,1
0,6870,1,2,0,2,41,11,15530,85,5,447,2,4,2,1,3,0,2,1,12,3,3,3,1
1,2853,1,4,1,0,22,1,4223,48,3,1256,3,2,0,2,0,0,1,3,11,0,5,4,1
1,4025,1,2,1,3,29,10,23679,46,13,1378,4,2,3,1,4,0,2,3,13,4,2,2,0
1,19331,0,3,1,0,50,27,19519,59,9,264,3,3,0,3,1,0,5,3,16,4,2,3,0
1,2985,0,1,0,2,27,5,16092,87,1,1452,2,3,2,2,3,0,1,3,12,1,3,1,0
1,2259,0,4,1,0,26,8,3071,60,1,826,2,3,0,1,1,0,1,2,15,2,2,3,0
2,4623,1,1,0,3,48,7,4565,72,14,663,2,2,4,1,6,0,1,3,19,6,2,3,1
0,2371,0,2,0,0,21,0,26183,71,8,408,4,3,0,1,0,0,1,2,22,1,2,1,0
1,4687,1,1,0,3,49,8,4686,66,12,414,2,3,4,1,6,0,1,2,16,6,2,4,0
0,4321,0,1,0,2,32,9,4672,70,16,1193,1,1,6,2,8,0,1,2,19,3,4,1,0
1,9729,0,1,1,7,30,10,5260,64,1,753,2,2,6,4,10,0,2,3,11,1,3,2,0
0,2722,1,2,0,3,39,5,10650,78,9,832,3,2,2,2,4,0,1,3,14,0,2,3,0
1,7981,1,4,1,7,44,10,14075,73,14,620,1,2,5,3,10,0,3,3,11,0,2,3,0
0,4489,1,3,0,2,31,11,20121,94,5,1070,2,2,1,2,3,0,1,3,11,3,2,1,0
0,2385,1,3,0,2,28,4,14789,76,17,1017,2,2,1,3,3,1,1,2,13,1,2,1,0
1,3472,1,2,0,3,33,10,17239,45,4,712,1,2,3,1,4,0,1,3,17,2,2,3,0
0,2686,1,3,0,0,22,2,8809,69,15,1345,4,3,0,1,1,0,1,2,17,1,3,1,0
0,3139,0,3,0,4,42,6,10775,88,10,1070,3,3,2,2,6,0,1,3,12,1,3,4,0
0,2548,1,1,0,1,29,7,16788,92,17,244,3,3,4,1,5,0,1,2,15,1,2,3,0
1,3816,0,3,0,5,33,10,7085,38,14,656,1,1,5,1,7,1,1,3,16,4,2,2,0
0,2441,0,3,0,0,29,1,14752,72,23,458,3,1,0,2,1,0,1,2,23,1,3,2,0
1,2124,0,4,1,0,36,16,3276,56,4,879,3,3,0,2,1,0,1,3,14,2,5,3,0
1,2379,1,1,0,1,39,9,10326,40,6,751,2,2,4,1,5,0,1,3,17,3,0,2,0
0,2349,0,3,0,0,29,1,14690,73,21,456,3,2,0,2,1,0,1,2,22,1,2,2,1
0,6921,0,1,0,4,29,9,22957,60,22,334,3,2,2,2,6,0,2,2,14,3,3,3,0
0,3182,0,2,0,3,29,5,21894,64,7,1418,1,3,3,2,4,0,1,2,17,1,4,1,0
0,2274,1,3,0,0,26,6,3065,62,1,886,1,3,0,1,2,0,1,1,15,2,2,3,0
2,8165,0,2,0,0,31,9,18956,70,15,1044,1,3,0,1,1,0,2,3,13,1,2,4,0
0,2499,0,2,1,1,39,2,3640,90,8,913,2,2,1,2,2,0,1,2,13,1,2,2,0
0,2240,0,1,0,3,27,8,7182,82,11,618,2,2,5,3,6,0,1,2,11,2,2,2,0
0,2184,0,2,0,0,26,5,6911,67,18,927,3,2,3,2,4,1,1,3,11,0,2,2,0
0,1645,1,2,0,0,30,1,24414,87,7,1048,3,2,0,1,1,0,1,2,13,1,2,3,0
0,4476,1,1,0,3,43,16,22753,91,21,1351,1,2,2,1,5,0,2,3,19,2,2,2,1
0,2687,0,2,0,1,29,3,14781,50,8,386,1,1,2,2,2,0,1,3,13,1,2,2,0
0,2531,1,1,0,0,32,3,11323,92,10,951,3,2,0,3,1,0,1,3,17,4,4,3,1
0,5524,0,3,0,6,30,9,21180,65,26,684,1,2,7,3,8,0,2,3,12,2,4,3,0
1,4633,0,2,0,1,41,6,5296,88,23,666,1,3,1,3,2,0,2,2,13,4,3,3,0
1,3232,1,2,0,5,30,9,17233,51,6,775,2,3,5,1,6,0,1,3,12,2,2,2,0
2,5086,1,1,1,3,48,8,5057,78,12,374,2,3,4,1,5,0,1,2,17,7,2,4,1
0,4809,0,2,0,0,50,7,17441,82,3,868,3,2,2,2,3,0,2,2,14,2,3,4,0
0,2781,1,4,0,5,39,8,17776,62,6,958,1,1,0,3,5,0,1,1,14,3,1,4,1
0,3580,1,2,0,2,37,5,10100,47,15,697,2,2,1,4,4,0,1,1,22,1,2,3,0
1,9975,0,1,0,5,44,19,11745,47,16,819,2,2,5,3,6,0,3,2,14,8,1,3,0
0,4688,0,3,1,2,31,5,24024,61,12,1356,3,3,2,3,3,0,2,3,11,7,2,3,0
0,3884,1,2,0,2,22,4,9188,95,4,1321,3,2,2,3,2,0,1,2,16,4,2,1,0
0,2797,0,3,0,0,30,2,11956,89,2,664,2,2,0,2,1,0,1,3,14,6,2,3,0
1,2281,0,2,0,0,34,9,10129,35,12,846,2,2,3,2,5,0,1,4,12,4,2,3,0
0,2511,1,1,0,2,35,4,10477,61,9,570,3,2,2,1,3,0,1,3,18,0,1,2,0
0,2677,1,2,0,3,29,4,18036,80,7,1091,3,1,0,1,3,0,1,2,14,2,1,3,0
1,2461,0,2,1,0,26,2,18615,48,21,699,3,2,0,2,1,0,1,3,17,2,2,3,0
1,3079,0,1,0,3,27,5,16467,79,2,1340,2,3,2,1,4,0,1,3,11,0,2,1,0
1,9068,0,1,1,7,31,9,5475,64,5,708,2,2,5,3,9,0,2,3,11,1,4,2,0
0,2392,0,1,0,2,25,5,8881,94,1,868,2,2,2,3,3,0,1,3,11,2,3,1,0
0,4445,0,3,0,6,30,10,10284,35,9,793,3,3,5,1,8,0,2,4,22,2,2,3,0
0,4352,0,1,0,2,46,16,22829,90,25,1307,1,2,2,1,4,0,2,2,19,2,1,2,0
0,2538,0,1,0,0,21,1,18447,77,13,1021,3,2,0,1,1,0,1,3,15,1,2,2,0
0,5429,0,3,0,1,44,20,19662,90,6,652,1,2,1,3,2,0,2,3,12,7,2,2,0
0,3166,1,3,0,2,35,6,20438,68,15,1061,3,3,2,3,2,1,1,3,11,4,2,2,0
0,1721,0,2,0,1,28,2,8182,63,12,834,3,2,1,2,2,0,1,3,12,1,2,2,1
0,5653,0,2,0,2,41,9,9920,81,13,1327,1,1,2,2,3,0,2,2,14,7,2,2,0
0,1432,0,2,0,0,31,1,16204,55,3,607,2,1,0,1,1,0,1,2,12,1,3,4,1
0,4924,0,2,0,3,29,8,22344,79,17,689,3,2,1,2,6,0,2,3,18,4,4,2,0
0,5297,0,1,0,2,27,7,21607,84,27,282,2,1,3,4,4,1,2,2,17,6,5,2,0
0,4350,0,1,0,2,46,17,22898,91,25,1474,1,2,2,1,4,0,2,3,18,3,2,2,0
0,2948,0,2,0,3,38,5,21842,66,18,1208,2,3,2,3,4,0,1,1,19,2,4,2,0
0,4772,0,2,0,0,50,6,17355,81,2,909,3,2,1,3,1,0,2,2,14,2,3,4,0
0,2688,1,3,0,2,40,7,20304,59,17,938,3,3,2,4,2,0,1,2,12,5,1,3,0
0,1875,0,3,0,0,21,1,18382,70,9,501,2,2,0,2,0,0,1,4,13,2,2,2,0
1,2034,0,1,1,0,30,1,14469,74,12,451,2,1,0,2,1,0,1,3,18,1,2,4,0
0,2438,1,3,0,0,31,1,14894,67,22,518,3,2,0,2,1,0,1,2,22,2,3,2,0
0,2043,0,1,0,2,21,3,7890,79,3,935,1,2,2,3,3,0,1,2,13,2,2,3,0
0,2626,1,1,0,1,23,2,18192,91,9,1095,3,1,0,1,1,0,1,2,14,1,1,3,0
0,2145,0,2,0,0,25,5,6898,69,19,923,3,3,3,3,4,0,1,3,11,0,3,2,0
0,2412,1,2,0,2,28,5,25709,56,9,117,2,3,3,2,4,0,1,3,15,0,2,3,0
0,2338,1,2,0,7,29,10,4218,65,1,621,1,1,7,3,7,0,1,2,13,5,3,2,0
1,2467,0,2,1,0,26,3,18595,50,21,680,3,2,0,2,1,0,1,3,17,2,2,3,0
0,5689,0,2,0,4,36,15,10912,54,21,1038,2,3,3,1,5,0,2,3,21,5,2,2,0
0,4444,0,1,0,2,42,12,22991,82,23,1079,2,2,2,1,4,0,2,2,19,1,1,2,0
0,2209,0,2,1,1,26,5,6802,69,19,913,3,3,3,3,4,1,1,2,11,0,3,2,0
1,5145,1,1,0,0,34,10,6854,88,11,400,2,3,4,2,4,0,2,2,15,5,3,3,0
0,2024,1,2,0,1,30,2,25387,73,3,553,2,3,1,1,2,0,1,3,15,0,2,3,0
0,2575,1,1,0,0,24,3,18286,85,17,782,3,2,0,1,1,0,1,3,15,2,2,3,0
0,2116,1,1,0,1,27,6,15340,55,2,322,1,3,2,1,3,0,1,3,14,5,2,2,1
0,5073,0,2,0,4,41,9,21652,56,14,358,2,2,2,3,5,1,2,2,16,5,4,1,0
0,2323,1,3,0,2,28,4,15033,80,14,791,2,2,1,2,3,0,1,2,13,1,2,1,0
0,6625,0,1,0,2,30,9,22706,58,25,333,3,2,1,3,6,0,2,2,15,4,4,4,0
2,9921,0,1,0,2,34,10,11439,46,21,1004,2,3,2,2,3,0,3,3,15,8,2,3,0
1,2243,0,1,1,1,33,4,14462,82,15,847,3,1,0,2,4,0,1,3,21,1,2,4,0
0,2441,1,3,0,1,41,3,10407,72,24,1258,1,2,0,3,2,0,1,2,14,1,2,2,1
0,2002,0,3,0,0,22,3,26301,50,19,349,4,3,3,4,3,0,1,2,16,1,2,2,0
0,2292,1,4,0,0,24,5,3031,60,1,803,2,3,0,1,1,0,1,2,16,2,2,3,0
1,7484,0,1,1,4,32,10,5774,78,5,481,3,2,7,3,8,0,2,2,14,2,3,3,1
0,2589,0,4,0,4,32,6,17509,55,4,954,2,1,0,2,4,0,1,2,13,2,1,3,0
0,2736,0,1,0,2,29,2,14621,53,9,455,2,1,1,2,2,0,1,3,13,1,2,3,0
0,6694,0,1,0,3,30,9,22966,52,25,334,3,2,1,2,6,0,2,2,15,4,4,3,0
2,3195,1,3,0,2,31,6,6824,39,7,697,1,1,2,1,3,1,1,3,13,5,2,1,0
0,8033,0,4,0,7,44,9,14058,72,14,622,1,2,5,4,9,1,3,3,11,1,2,2,0
0,9179,1,1,0,7,38,17,12236,65,17,1094,2,2,9,2,10,0,3,2,12,3,1,2,0
0,2773,0,2,0,0,27,1,19577,60,19,1298,1,2,0,1,1,0,1,2,12,0,1,3,0
1,3232,1,2,0,5,30,9,17233,51,6,775,2,3,5,1,6,0,1,3,12,2,2,2,0
0,2523,0,3,0,2,29,3,14840,73,14,725,2,1,1,3,3,0,1,2,13,1,3,1,0
1,7279,0,2,0,3,29,9,23931,41,26,202,2,2,5,3,8,0,2,2,19,2,3,3,0
0,11610,0,1,0,8,35,15,3974,54,6,618,2,2,10,3,15,0,2,2,11,0,3,3,1
0,1746,1,2,0,1,31,3,22215,43,10,454,1,2,1,3,2,0,1,2,12,2,2,3,0
0,9565,0,1,0,7,35,8,10277,83,4,1128,3,3,7,1,8,0,2,3,21,0,2,3,0
0,2577,1,3,0,1,34,4,19894,47,19,1121,2,3,1,3,1,1,1,2,15,3,1,3,0
0,3859,0,1,0,2,38,6,22142,91,21,428,2,3,3,1,5,0,1,3,13,0,2,2,0
0,2183,0,1,0,1,26,6,7001,74,16,804,3,2,4,3,5,0,1,2,11,0,2,2,0
0,2527,0,1,0,0,29,3,11610,91,7,839,3,2,0,3,0,0,1,3,18,6,4,3,1
0,2323,0,2,0,1,30,2,8349,54,1,1080,4,3,1,1,2,0,1,3,11,1,2,2,0
1,2027,1,1,0,2,32,8,16288,86,19,184,3,3,6,1,8,0,1,2,17,2,2,3,1
1,2724,1,3,1,2,33,6,22036,64,12,663,3,2,2,2,3,1,1,1,14,3,1,3,0
0,4621,0,3,0,8,35,12,10364,38,11,906,3,2,6,1,10,0,2,3,23,3,2,3,0
0,2611,1,1,0,2,29,8,8403,89,2,884,3,2,4,3,5,0,1,2,11,5,4,3,0
0,4540,1,1,0,2,36,10,5343,68,9,330,4,3,7,2,9,0,2,1,15,1,3,4,0
0,5809,0,3,0,7,26,8,8440,47,4,947,3,2,4,2,8,0,2,3,12,0,0,4,0
0,4563,0,3,0,2,29,4,24787,69,15,583,1,1,1,2,2,0,2,3,11,4,2,2,1
0,2315,0,1,0,3,30,4,8147,64,1,869,3,2,3,1,4,0,1,3,11,2,2,3,0
0,6644,0,1,0,0,38,16,11313,70,28,1184,1,2,0,2,1,0,2,2,18,7,2,1,0
0,2434,0,2,0,0,26,1,19394,39,21,1330,1,2,0,2,1,0,1,2,19,1,0,3,0
2,3748,0,2,0,2,37,6,6287,62,16,477,1,1,1,2,2,0,1,3,13,5,2,2,0
0,2101,0,1,0,0,29,1,14564,76,13,534,2,2,0,3,1,0,1,3,17,1,2,3,0
1,8266,0,2,0,2,38,10,19938,67,11,1060,1,3,2,1,3,0,3,2,15,4,2,3,0
0,2552,1,1,0,0,21,2,18377,84,12,1159,3,2,0,1,1,0,1,2,14,1,2,3,0
0,13035,0,1,0,8,42,22,2420,54,9,678,2,2,12,2,20,0,3,2,12,1,1,2,0
0,16664,0,1,0,9,43,24,2473,72,6,1036,1,1,12,1,22,0,4,2,14,1,2,3,0
0,6230,0,2,0,3,36,13,12454,77,27,728,2,3,3,3,5,0,2,3,18,3,2,2,0
0,2572,0,3,0,1,54,4,10251,95,23,1138,1,2,0,3,3,0,1,3,15,1,3,2,0
1,9166,1,4,1,7,48,23,14369,75,7,613,2,2,7,2,22,0,3,3,13,0,3,4,0
0,11462,0,1,0,4,49,17,4802,59,20,957,1,3,5,2,7,0,3,2,12,4,2,3,1
1,2211,0,2,0,1,27,4,19341,63,8,937,3,2,2,3,3,0,1,2,15,0,1,2,0
0,2415,1,4,0,1,29,2,14849,79,21,661,3,2,0,2,2,0,1,2,18,1,3,1,0
1,2828,0,1,0,0,30,3,7110,55,3,1068,1,2,0,1,2,0,1,3,17,2,2,3,0
2,4707,0,1,1,2,51,6,4932,82,18,390,1,3,1,2,3,0,1,3,16,6,2,4,1
0,8403,0,2,0,5,48,10,21153,64,6,1037,1,3,5,2,6,0,3,2,18,7,2,3,0
0,2796,0,2,0,1,36,4,20070,57,20,1080,2,3,1,2,1,0,1,3,12,4,2,3,0
0,1703,0,2,0,0,19,1,9657,41,13,371,3,2,0,2,1,0,1,3,16,1,3,3,0
1,6052,0,3,0,2,33,10,21114,90,19,343,3,3,6,3,9,1,2,2,15,1,3,3,0
0,2359,0,2,0,5,34,7,3853,72,1,719,1,1,5,3,5,0,1,3,13,5,3,2,0
1,4581,0,3,1,2,30,4,24920,67,18,596,1,1,2,2,2,0,1,3,11,3,2,3,0
0,9212,0,2,0,7,37,9,13033,67,15,984,2,2,7,2,9,0,3,2,14,1,2,2,0
0,2499,0,2,0,2,36,5,3184,60,8,1200,1,3,2,3,2,0,1,2,14,1,1,3,0
0,4793,0,2,0,0,50,6,17404,82,3,885,3,2,2,3,2,0,2,2,14,2,3,4,0
0,2312,0,1,0,2,33,4,14461,84,15,960,3,1,0,2,4,0,1,3,22,1,2,3,0
0,4614,0,3,0,2,26,4,24534,63,5,917,1,3,0,1,2,0,2,3,13,8,2,2,0
0,2103,0,3,0,0,37,17,3406,57,4,863,3,2,0,3,1,0,1,3,13,3,5,2,0
0,1830,1,2,0,0,31,2,25223,80,3,769,3,3,0,1,1,0,1,3,14,0,2,3,0
1,7807,0,3,1,7,44,11,14058,70,13,783,1,3,5,3,9,0,3,3,13,2,2,3,0
0,2800,1,4,0,2,25,3,4531,52,2,1027,3,2,2,2,3,0,1,2,11,0,4,4,0
1,2201,0,2,1,0,25,2,3369,94,16,977,4,3,0,1,1,0,1,1,13,1,3,2,0
1,8187,0,2,0,0,31,8,18741,72,13,877,1,3,1,1,2,0,2,3,14,1,2,4,0
0,2161,1,1,0,1,39,9,3279,74,6,1331,1,2,2,2,3,0,1,1,14,3,3,2,0
0,4467,0,1,0,2,41,13,23232,80,20,1474,2,2,2,2,4,0,2,3,16,5,2,2,0
0,4961,0,1,0,2,26,7,21905,79,27,339,2,1,1,3,2,0,2,3,18,7,5,2,0
1,19572,1,1,0,1,54,23,21239,77,2,718,3,3,3,3,4,1,4,3,12,5,2,3,0
0,7689,0,1,0,2,30,8,23963,61,18,358,3,2,1,3,4,0,2,2,14,5,4,4,0
1,9210,0,2,1,5,32,12,20238,62,13,911,2,2,0,1,6,0,3,3,14,5,2,3,0
0,4974,0,1,0,2,26,7,21803,77,28,270,2,1,2,3,2,1,2,2,17,7,5,1,0
0,1706,0,3,0,0,19,0,26770,50,21,511,4,3,0,4,0,0,1,2,18,1,2,1,0
0,6733,0,1,0,0,32,10,12131,34,1,968,1,1,0,2,0,0,2,3,15,6,2,1,0
0,2206,1,3,0,0,29,6,2755,74,1,1050,2,2,0,1,1,0,1,2,15,3,2,2,0
1,3385,1,2,0,5,30,10,17269,41,6,773,1,2,5,1,6,0,1,3,14,2,2,3,0
0,5320,0,2,0,1,34,9,5245,76,15,931,2,3,5,2,5,0,2,2,14,6,3,3,0
2,5874,0,2,1,3,41,7,5994,75,22,510,2,2,0,1,4,0,2,3,12,2,5,2,0
0,5775,0,3,0,3,43,8,19121,92,2,1023,2,2,5,1,6,0,2,1,11,6,0,2,0
0,4754,0,3,0,3,28,7,23656,73,5,923,2,3,0,1,6,0,2,3,16,4,3,2,1
1,2379,0,2,0,0,25,1,19331,36,20,1296,1,2,0,3,1,0,1,2,19,1,0,2,0
0,2020,0,4,0,0,23,3,18623,48,10,1030,2,2,1,1,2,0,1,2,12,3,2,2,0
0,8708,0,1,0,0,33,10,10126,75,14,351,1,3,0,2,1,0,3,2,20,1,2,3,0
0,2843,1,3,0,3,41,5,10787,89,12,1134,2,2,1,3,5,0,1,2,11,1,3,3,1
0,4725,0,3,1,2,31,5,24433,54,8,1384,3,3,2,3,3,0,1,3,12,8,2,4,0
0,2467,1,2,0,0,22,1,26087,75,6,394,4,3,0,1,1,0,1,3,22,1,2,1,1
0,2455,1,4,1,3,31,6,22348,63,13,978,3,3,3,3,4,0,1,1,12,4,2,2,0
0,8820,0,1,0,2,47,12,5949,66,23,930,1,2,1,1,3,0,2,2,12,4,3,3,0
0,2601,1,2,0,3,31,6,18162,67,19,569,2,1,0,2,3,0,1,3,15,4,1,4,0
0,2406,0,2,0,1,28,2,8466,56,5,1158,4,3,1,1,2,0,1,3,13,1,2,2,0
0,2200,0,4,0,2,31,5,9759,67,8,628,2,2,1,3,4,0,1,2,11,5,0,2,0
2,7088,0,2,0,5,47,13,14105,75,6,1109,2,3,4,3,7,0,2,3,17,5,2,3,1
0,5255,0,3,0,1,34,8,4698,68,19,1311,1,3,3,2,4,0,2,2,13,7,3,3,0
0,2321,1,1,0,1,31,4,10322,45,8,340,2,2,2,1,3,0,1,3,21,0,0,2,0
0,2669,1,1,0,1,36,4,11153,93,10,1001,3,2,0,3,2,0,1,3,15,3,4,3,1
0,2684,0,3,0,5,42,6,4455,75,2,710,2,2,4,3,6,0,1,2,13,1,2,2,0
3,2988,1,3,0,2,30,5,6964,43,15,478,1,1,1,1,2,1,1,3,14,4,2,1,0
0,9056,0,1,0,4,37,9,9759,62,8,168,1,3,4,3,4,0,2,2,18,1,3,3,0
0,10470,0,1,0,4,47,20,3535,82,8,1304,1,2,4,3,13,0,3,2,13,7,1,2,0
0,2374,0,3,0,0,29,1,14708,73,22,457,3,2,0,2,1,0,1,2,23,1,2,2,1
0,3056,0,1,0,2,26,4,16421,85,2,1299,2,3,1,2,3,0,1,2,11,0,2,1,0
0,2335,1,3,0,0,32,5,10500,44,19,1348,1,1,2,3,3,0,1,2,12,3,2,3,1
0,7733,0,1,0,5,43,9,22117,59,13,746,2,2,4,3,7,0,2,2,17,7,3,3,0
0,2769,0,1,0,2,29,6,17132,74,6,719,2,3,2,2,3,0,1,3,11,1,2,1,0
0,3375,1,3,0,0,28,5,14974,75,2,498,1,3,0,2,0,0,1,1,11,2,4,3,1
0,10455,0,1,0,2,51,16,5082,71,19,1212,1,2,2,2,5,0,3,2,13,6,1,3,0
0,2243,0,3,0,2,23,4,17047,65,13,599,4,3,3,1,4,0,1,2,15,1,3,3,0
0,2217,1,2,0,0,24,1,3377,91,15,930,3,3,0,1,1,0,1,1,14,1,3,2,0
1,6384,0,3,0,4,44,11,13968,90,10,662,2,3,3,4,7,0,2,3,14,4,2,3,1
0,2184,0,2,1,1,26,5,6950,66,20,836,3,3,3,3,4,1,1,3,11,0,3,2,0
1,3010,0,1,0,2,27,5,16209,86,1,1437,2,3,2,2,3,0,1,3,11,0,3,1,0
0,4328,0,1,0,2,47,18,22835,93,26,1474,1,2,2,1,4,0,2,3,19,3,2,2,0
1,3194,1,2,0,5,30,9,17215,55,6,765,2,3,5,1,5,0,1,3,12,2,2,2,0
0,4260,0,1,0,3,43,7,21973,77,17,381,3,3,3,1,6,1,1,2,13,1,2,2,0
0,2292,1,3,0,1,33,4,3458,44,4,443,3,3,1,3,2,0,1,2,21,8,4,2,0
1,7110,0,2,0,4,41,12,13356,53,6,1152,2,2,4,2,5,0,2,3,18,5,2,2,1
1,6034,1,3,0,1,34,12,20738,98,18,383,3,2,5,4,8,0,2,2,14,2,2,3,0
0,2376,1,2,0,1,25,4,12969,62,16,112,2,2,1,2,2,0,1,3,15,3,3,3,0
0,11262,0,2,0,7,47,15,9434,68,7,197,1,3,7,3,12,0,2,2,17,3,3,3,0
0,2258,1,3,0,0,28,7,3107,64,2,954,1,3,0,1,2,0,1,1,15,2,2,3,0
2,7489,0,3,0,3,29,9,24278,37,26,154,2,2,7,3,9,0,2,2,20,1,3,3,0
0,2736,1,2,0,2,38,4,11070,94,10,1025,3,2,1,3,3,0,1,3,14,2,4,3,1
0,2411,1,1,0,0,30,3,11430,92,10,916,3,2,0,3,0,0,1,3,19,5,4,2,1
0,6853,0,1,0,0,37,16,11233,70,27,1087,1,3,0,2,0,0,2,2,19,6,2,1,0
0,2570,1,1,0,1,33,3,11275,93,10,965,3,2,0,3,1,0,1,3,17,4,4,3,1
0,2179,0,3,0,2,29,5,9669,69,7,616,2,2,2,3,3,0,1,2,11,5,0,2,0
1,10168,0,1,1,6,38,18,3550,79,1,1116,2,2,6,4,15,0,2,3,12,5,2,2,0
0,2996,0,2,0,0,26,1,19677,62,20,1334,1,2,0,1,1,0,1,3,11,1,2,2,0
0,2691,0,3,1,2,47,2,3697,80,3,905,1,2,2,3,2,0,1,3,14,1,1,2,0
0,2578,0,4,0,2,55,5,10250,96,23,1150,1,2,0,3,4,0,1,2,15,1,2,2,0
0,8116,0,1,0,6,47,9,21804,61,8,898,2,2,5,3,7,0,2,2,18,8,2,3,0
0,4572,0,3,0,8,35,12,10410,36,12,877,3,2,6,1,10,0,1,3,24,2,2,4,0
0,2069,1,1,0,3,37,12,22051,82,11,643,3,2,0,2,4,0,1,1,14,2,3,3,0
1,2105,0,3,1,0,36,16,3340,62,6,909,4,3,0,2,1,0,1,3,13,2,5,2,0
0,9700,0,1,0,7,52,26,11611,57,8,517,2,2,7,3,7,0,3,2,15,5,0,3,0
0,2978,1,3,0,2,30,4,17769,70,18,519,1,3,3,2,3,0,1,1,20,1,2,3,0
2,7423,0,3,0,0,35,13,19079,77,12,958,1,2,0,1,1,0,3,3,13,3,2,3,0
0,7443,0,1,0,0,35,14,10839,71,23,785,1,3,0,2,0,0,2,2,19,4,2,1,0
0,2426,1,2,0,1,29,3,25758,61,5,134,2,3,1,1,2,0,1,3,17,0,2,2,0
2,2148,0,2,0,0,22,0,18679,46,13,765,2,2,0,3,0,0,1,3,16,1,2,2,0
1,2582,0,3,0,1,27,3,23376,56,11,402,2,1,1,2,2,0,1,2,18,3,3,3,0
0,3407,0,1,0,3,35,9,6933,73,9,1099,2,1,3,1,4,0,1,3,21,7,3,3,0
0,2271,1,3,0,1,29,4,3514,45,3,501,2,2,1,3,2,0,1,3,21,8,4,2,0
0,4149,1,1,0,2,35,10,4925,61,11,532,3,2,7,2,10,0,1,1,16,1,4,3,0
0,2631,1,3,0,3,31,4,5940,69,11,774,3,3,3,3,4,0,1,2,12,1,4,3,0
1,9505,1,3,0,1,35,15,22650,66,10,467,1,3,1,1,2,0,3,3,11,4,4,2,0
0,1874,0,2,0,1,22,1,22097,45,3,435,2,2,1,3,1,0,1,2,12,1,3,3,0
2,2411,0,2,0,0,25,1,18817,36,19,882,2,2,0,3,1,0,1,2,18,1,1,2,0
0,6684,0,1,0,0,36,15,11496,63,23,1141,1,2,0,2,0,0,2,3,18,6,2,1,0
1,2147,0,3,1,2,43,17,3414,59,5,753,4,3,1,3,3,0,1,3,13,4,5,2,0
0,2519,0,2,0,2,36,5,3175,60,8,1192,1,3,2,3,2,0,1,2,14,1,1,3,0
1,2350,1,3,0,0,34,6,10481,43,17,1345,1,1,3,3,4,0,1,2,12,3,2,3,1
0,2940,0,1,0,0,31,2,21404,86,18,404,3,4,0,3,1,0,1,3,16,0,3,4,0
0,19563,0,3,0,14,54,36,25806,44,2,275,2,1,8,4,31,0,5,3,13,3,2,2,0
0,1854,0,1,0,1,27,4,15567,55,1,431,1,2,1,2,2,0,1,3,13,4,2,3,1
0,2592,1,2,0,1,29,5,18247,73,25,401,2,2,1,2,1,0,1,3,17,4,2,4,0
2,4948,0,1,1,3,55,6,4534,72,14,438,1,3,2,1,4,0,1,3,17,8,2,4,1
0,13709,0,1,0,8,42,21,2497,44,12,491,2,3,13,2,20,0,3,2,12,0,2,3,1
0,3161,0,2,0,3,24,6,21981,61,1,1414,1,3,4,2,5,0,1,2,15,1,3,1,0
0,4707,0,2,0,0,49,5,17249,80,1,952,3,2,0,3,0,0,1,3,14,2,3,3,0
1,5171,0,1,1,1,35,10,6113,94,11,245,3,3,5,3,6,0,2,2,16,3,3,4,1
0,2359,0,1,0,2,37,7,3249,65,7,1254,1,3,2,2,3,0,1,1,14,2,1,3,0
2,2332,0,1,0,1,29,3,3169,55,12,355,1,2,0,3,1,0,1,3,15,4,3,3,0
0,9928,0,2,0,1,29,7,23052,79,12,1353,4,2,1,3,3,0,2,3,11,3,0,2,0
0,2468,1,2,0,0,22,1,26064,73,6,369,3,3,0,1,1,0,1,3,22,0,2,1,0
0,2235,0,2,0,1,29,2,14749,80,15,702,2,2,0,3,2,0,1,2,15,1,2,2,0
0,8780,0,1,0,7,29,9,12095,70,22,1252,1,2,8,1,9,0,2,2,12,1,2,2,0
0,2307,1,1,0,1,28,2,10437,46,16,835,2,1,1,1,2,0,1,2,17,0,0,2,0
0,2161,0,1,0,0,21,1,10023,38,18,401,3,2,0,1,1,0,1,3,14,0,2,2,0
0,2429,1,2,0,1,24,3,12972,64,15,114,2,2,1,2,2,0,1,3,16,3,3,3,0
0,9380,0,1,0,7,40,8,9644,59,4,261,1,3,7,2,8,0,2,3,18,0,4,3,0
0,2185,1,3,0,0,23,0,14185,76,16,358,3,2,0,2,0,0,1,2,18,1,1,1,0
0,2327,0,1,0,3,40,11,21802,81,12,863,3,3,0,2,4,0,1,1,16,2,3,3,0
1,2859,0,3,1,1,29,5,15730,86,2,1424,1,2,1,4,2,0,1,3,15,3,3,3,0
0,2172,0,2,0,1,20,2,9150,98,1,755,1,2,1,3,2,0,1,2,11,1,3,1,0
1,2988,0,1,0,2,27,5,16109,87,1,1450,2,3,2,2,3,0,1,3,12,1,3,1,0
2,6945,0,2,0,4,48,12,14164,82,4,1017,2,3,3,3,6,0,2,3,15,6,2,3,1
0,10308,0,1,0,3,48,14,5744,65,19,1086,1,2,2,2,3,0,2,2,12,5,2,3,1
1,7390,0,3,0,5,46,10,14159,82,8,741,1,3,3,4,8,0,2,3,11,3,2,3,0
0,2462,0,3,0,1,46,3,10176,80,23,962,1,2,0,3,3,0,1,3,15,1,3,2,0
0,2452,1,2,0,0,25,2,25947,69,6,279,3,3,0,1,1,0,1,3,20,0,2,1,0
0,2500,1,1,0,4,29,9,8033,94,1,591,2,2,5,3,7,0,1,1,12,5,3,3,0
0,1951,1,2,0,0,26,1,25494,84,4,809,4,3,0,1,1,0,1,3,17,1,2,2,1
2,8780,0,3,0,2,32,13,23599,47,18,302,1,3,4,3,5,0,3,2,16,3,3,3,0
0,2241,0,1,0,0,23,3,8290,77,4,1165,2,3,1,3,2,0,1,3,12,2,3,3,0
0,2716,1,2,0,4,33,6,17915,71,5,1089,2,1,0,2,4,0,1,2,13,2,1,3,0
0,5145,0,3,0,6,52,11,21540,40,4,423,2,2,2,3,8,1,2,2,16,4,3,1,0
2,2425,0,2,1,0,25,1,18752,39,19,824,3,2,0,2,1,0,1,3,17,1,2,2,0
0,2465,0,1,0,0,29,3,11544,91,8,873,3,2,0,3,0,0,1,3,19,6,4,3,1
0,11678,0,1,0,8,35,15,3925,54,6,614,2,2,10,3,15,0,2,2,11,0,3,3,1
0,2765,0,3,1,1,31,1,3310,51,7,1137,1,2,1,3,1,0,1,3,14,0,1,4,0
1,4601,0,3,1,2,34,4,23618,67,18,635,3,2,2,3,3,0,2,2,16,0,0,3,0
0,4155,1,1,0,2,45,15,22522,95,26,1098,1,2,3,1,4,0,1,3,17,1,2,2,0
0,4982,1,2,0,1,51,12,17892,86,7,713,2,2,6,1,7,0,2,2,14,2,2,3,0
0,2166,0,2,0,1,20,2,9255,90,3,711,1,2,1,2,2,0,1,3,11,1,3,1,0
2,7020,0,2,0,4,48,12,14133,79,5,1065,2,3,3,3,6,0,2,3,16,6,2,3,1
0,2357,1,1,0,0,27,2,11094,73,16,1094,2,1,0,3,0,0,1,2,16,3,3,3,1
0,2721,0,2,0,1,29,2,14710,51,8,405,1,1,2,2,2,0,1,3,13,1,2,2,0
0,5122,1,2,0,1,50,15,18384,90,5,683,2,2,4,2,5,0,2,2,14,4,2,3,0
0,2030,0,2,0,1,28,3,13597,60,18,250,2,2,1,2,2,0,1,3,15,3,3,3,1
0,1922,0,2,0,0,26,1,10583,47,24,1168,1,1,0,3,1,0,1,2,13,1,2,3,0
0,2751,0,4,0,0,30,1,17941,83,23,410,1,3,1,2,1,0,1,1,23,1,2,3,0
0,2149,0,1,0,3,40,13,21818,84,10,755,3,3,0,2,4,0,1,1,14,2,3,3,0
0,3838,0,2,0,0,26,5,15030,74,4,472,1,2,0,2,1,0,1,1,11,2,3,3,1
0,4643,0,3,1,2,31,5,24291,64,14,1071,3,2,2,3,3,0,2,3,11,5,2,3,0
0,2447,1,2,0,0,25,4,18604,54,14,1297,3,2,1,1,2,0,1,2,13,3,2,3,0
0,8835,1,1,0,7,29,11,12532,72,22,1306,2,2,9,1,11,0,3,2,12,0,2,2,0
1,4704,0,3,1,2,31,6,23916,74,14,787,2,1,1,2,5,0,2,3,14,2,2,2,1
2,7601,0,2,1,7,45,12,14038,67,12,979,2,3,6,3,8,0,3,3,16,3,2,3,0
0,2740,0,2,1,1,31,4,21765,76,16,546,3,3,1,3,2,0,1,2,15,2,3,4,0
0,2412,1,2,0,2,28,5,25709,56,9,118,2,3,3,2,4,0,1,3,15,0,2,3,0
0,2301,0,3,0,0,19,0,8480,66,11,1368,3,3,0,2,0,0,1,2,16,1,3,1,0
0,2437,1,3,0,0,41,5,15493,41,17,768,3,2,0,3,1,0,1,2,16,8,3,2,0
0,3496,1,1,0,3,34,10,17231,46,4,696,1,2,3,1,3,0,1,3,18,2,2,3,0
0,2601,0,3,0,0,23,1,8741,62,14,1341,4,3,0,1,1,0,1,2,17,1,2,1,0
0,2404,1,3,0,0,26,5,18696,42,16,1354,3,2,2,1,3,0,1,2,12,4,2,3,0
0,2673,1,3,0,2,53,5,10400,96,20,1145,1,3,0,3,4,0,1,3,14,1,3,2,1
1,2116,0,1,1,0,31,2,14466,77,13,606,2,1,0,2,2,0,1,3,19,1,2,4,0
0,3166,1,1,0,0,24,4,17000,88,8,388,2,3,0,3,0,1,1,2,11,2,2,2,0
2,8352,0,3,0,2,31,12,23946,42,21,234,1,3,6,3,7,0,3,2,18,2,3,3,0
0,2972,1,1,0,0,20,1,13007,83,4,128,1,2,0,2,1,0,1,3,18,1,2,3,0
2,7261,0,2,0,6,46,13,14032,66,9,1220,2,3,6,3,7,0,2,3,20,5,2,3,1
0,2168,0,1,0,3,40,13,21817,83,10,767,3,3,0,2,4,0,1,1,15,2,3,3,0
1,8034,0,2,1,5,35,8,5719,66,11,656,2,2,3,2,7,0,2,3,11,1,5,2,0
0,2398,1,2,0,1,26,7,25706,52,16,150,4,3,6,3,7,0,1,3,13,1,2,3,1
1,2482,1,2,1,0,23,1,3732,76,11,1099,3,2,0,1,0,0,1,1,12,0,3,2,1
1,4653,0,3,1,2,30,4,25344,56,12,770,1,1,2,2,2,0,1,3,12,5,2,3,0
0,2778,1,3,0,2,46,9,10662,75,8,1171,2,3,3,3,7,0,1,3,11,3,3,4,1
0,2127,0,2,0,0,20,1,9924,40,19,437,3,2,0,2,1,0,1,3,12,1,2,3,0
0,2850,0,2,0,3,28,6,22053,60,6,1156,1,3,4,2,5,0,1,2,14,2,3,1,0
0,2433,1,3,0,0,31,6,15170,53,9,295,1,3,2,1,3,0,1,2,16,2,2,2,1
0,2889,1,2,0,3,42,5,10883,95,10,1080,3,2,1,3,5,0,1,3,11,1,4,3,1
1,9868,0,2,0,0,38,16,22456,61,9,562,1,3,0,2,1,0,3,2,11,6,4,3,0
0,8646,0,1,0,7,50,10,21533,63,5,998,2,2,6,3,8,0,3,2,18,9,2,3,0
0,2454,1,2,0,0,24,4,18589,56,14,1288,3,2,1,1,2,0,1,2,13,3,2,3,0
0,2332,0,1,0,4,29,7,7935,77,1,632,2,2,4,2,6,0,1,2,12,3,2,3,0
0,17062,0,2,0,8,48,25,4822,90,5,1043,1,2,9,1,22,0,4,2,16,3,2,3,0
0,19843,0,3,1,14,51,32,25787,56,2,272,1,1,8,4,31,0,5,3,14,1,2,1,0
0,2259,0,3,0,0,24,1,22896,61,18,478,3,1,0,2,1,0,1,1,16,1,3,3,0
0,2663,0,1,0,0,27,2,21673,76,12,404,3,3,0,3,1,0,1,2,15,0,3,4,0
0,2586,0,1,0,0,20,1,18312,93,11,1080,3,2,0,1,1,0,1,3,15,1,2,2,0
0,4277,0,3,0,6,35,10,10290,37,12,786,3,2,5,2,8,0,1,2,24,2,2,4,0
0,2874,1,3,0,0,20,1,19744,63,7,913,3,2,0,2,1,0,1,2,18,1,4,3,0
0,13239,0,2,0,7,53,22,9306,81,12,253,1,3,7,3,17,0,3,2,17,5,2,3,0
0,2443,0,3,0,0,29,1,14751,72,23,458,3,1,0,2,1,0,1,2,23,1,3,2,0
0,2017,0,1,0,0,28,0,14360,74,11,424,2,2,0,3,0,0,1,3,17,1,1,3,0
0,4734,0,2,0,8,33,15,7884,40,21,807,1,2,9,2,14,0,2,3,21,0,1,4,0
0,4585,0,3,0,2,26,4,24447,65,6,686,1,3,0,1,2,0,2,2,14,6,2,2,0
0,2250,1,2,0,0,29,7,3127,65,3,986,1,3,1,1,2,0,1,1,15,2,2,3,0
2,2322,0,1,0,1,27,4,3114,57,9,492,1,2,0,3,2,0,1,2,15,3,2,3,0
0,5098,0,2,0,2,50,10,18005,86,6,779,2,2,6,1,7,0,2,1,14,2,2,3,0
0,4347,0,3,0,5,27,7,10190,34,6,730,2,3,4,1,6,0,2,4,21,1,2,2,0
0,2601,0,2,0,2,46,4,3820,82,2,831,1,1,2,3,3,0,1,3,13,2,2,2,0
0,2632,1,1,0,0,22,2,12986,71,11,119,1,2,1,2,2,0,1,3,17,2,2,3,0
0,2391,0,3,0,0,31,7,15349,47,4,254,1,3,2,1,3,0,1,3,13,2,2,2,1
0,2157,1,1,0,4,37,12,21936,76,10,721,3,3,1,2,5,0,1,1,13,3,2,3,0
0,2137,0,3,0,2,34,15,3545,60,3,800,2,2,2,3,3,0,1,3,13,4,5,2,0
0,4366,0,1,0,2,36,9,4944,59,11,509,3,3,7,2,9,0,2,1,14,1,3,3,0
0,5790,0,3,0,6,34,9,13518,83,26,304,2,2,6,3,9,0,1,3,17,1,2,2,1
0,2308,1,1,0,1,33,4,14462,84,16,962,4,1,0,2,4,0,1,2,23,1,2,3,0
0,2741,1,3,1,1,23,1,4304,52,3,1114,2,1,1,2,1,0,1,2,11,0,4,4,0
1,7152,0,2,1,4,37,8,5927,67,17,613,2,2,1,1,6,0,2,3,11,1,5,2,0
0,6227,0,3,0,3,33,10,12887,61,15,600,2,2,3,3,5,0,2,3,16,3,2,2,1
0,2863,0,2,0,0,26,1,19555,58,21,1335,1,2,0,1,1,0,1,3,12,1,2,3,0
0,2787,1,2,0,3,40,5,10703,83,9,912,3,2,2,2,5,0,1,3,13,0,3,3,0
0,1726,0,2,0,0,20,0,26881,42,16,577,4,3,0,2,0,0,1,2,19,1,2,1,0
0,4446,0,1,0,2,42,12,22994,82,23,1074,2,2,2,1,4,0,2,2,19,1,1,2,0
0,1373,0,3,0,0,31,1,16146,49,1,668,2,1,0,2,1,0,1,3,12,1,3,3,0
1,4553,1,1,0,3,45,8,4773,64,11,402,3,3,5,1,7,0,1,1,16,4,3,4,0
0,19562,0,3,1,14,41,23,16840,49,11,1295,1,2,8,4,22,0,5,3,12,1,0,2,0
0,2926,0,1,1,0,31,2,21531,87,17,384,3,3,0,3,1,0,1,2,16,0,3,4,0
0,1702,0,2,0,0,19,0,26795,50,21,523,4,3,0,3,0,0,1,2,19,1,2,1,0
1,9440,0,1,0,4,31,10,11874,55,23,1144,2,2,4,2,5,0,3,2,13,5,2,2,0
0,1883,0,2,0,1,34,8,16516,86,19,241,3,2,6,1,8,0,1,2,17,1,3,4,1
0,2115,1,3,0,2,30,7,19806,82,2,987,3,3,4,4,5,0,1,2,13,0,1,3,0
0,2853,0,2,0,0,28,1,19630,57,21,1299,1,2,0,1,1,0,1,3,12,1,2,3,0
0,1647,0,2,0,0,20,0,8053,70,10,1091,2,2,0,4,0,0,1,3,14,1,3,2,0
0,2538,0,3,0,1,34,3,2860,64,6,1190,1,2,1,3,1,0,1,3,15,2,0,3,0
0,2474,1,1,0,2,34,9,16848,89,15,404,3,3,5,1,7,0,1,2,15,1,2,2,0
0,2364,1,2,0,7,30,8,4953,70,4,408,2,1,7,3,8,0,1,2,11,1,3,4,0
0,11133,0,1,0,7,42,14,9934,85,7,850,2,3,7,1,12,0,3,2,20,2,2,3,0
1,2041,0,1,1,1,26,5,15276,58,2,350,1,2,1,2,2,0,1,3,14,5,2,3,1
0,2375,1,2,0,2,26,4,14278,50,16,1379,1,2,1,3,3,1,1,2,13,1,2,3,0
0,3612,0,2,0,0,27,5,14969,77,2,508,1,2,0,2,0,0,1,1,11,2,4,3,1
1,19845,0,3,1,13,52,32,25694,57,2,280,1,1,8,4,31,0,5,3,14,1,2,1,0
0,2229,0,3,0,2,24,4,17020,67,13,569,4,3,3,1,4,0,1,2,15,1,3,3,0
0,1800,0,3,0,0,20,1,26621,50,21,459,4,3,1,4,1,0,1,2,17,1,2,1,0
0,2425,1,2,0,1,29,3,25749,60,5,127,2,3,1,1,2,0,1,3,17,0,2,2,0
0,2930,1,3,0,3,44,5,10817,96,10,1097,2,3,1,3,5,0,1,3,11,1,3,3,1
0,9988,0,1,0,6,50,24,11860,49,12,729,2,2,6,3,7,0,3,2,14,7,0,3,0
1,5805,1,3,0,1,38,16,20231,98,12,468,2,2,3,4,5,0,2,2,14,4,2,3,0
0,2694,1,2,0,0,25,1,18149,92,17,747,2,2,0,1,1,0,1,2,19,1,2,3,0
2,3616,0,3,0,4,33,9,6899,38,12,622,1,1,4,1,5,1,1,3,14,5,2,1,0
2,7595,0,1,0,7,42,13,13680,65,12,1276,2,2,7,2,8,0,3,2,19,4,2,2,0
0,13642,0,1,0,8,42,22,2442,45,11,512,2,2,13,2,20,0,3,2,12,0,1,2,0
0,9682,0,4,0,7,46,11,13713,65,8,661,3,2,7,3,11,0,3,3,16,0,3,2,0
0,3589,0,2,0,0,27,5,14963,77,2,512,1,2,0,2,0,0,1,1,11,2,4,3,1
1,3694,1,3,0,2,29,4,25939,47,2,637,1,3,2,1,2,1,1,3,15,4,3,3,0
1,6308,0,2,0,2,30,9,21536,86,23,331,3,2,5,3,8,0,2,2,15,2,3,4,0
0,5122,0,1,0,2,26,7,21717,81,28,273,2,1,2,4,3,1,2,2,17,7,5,2,0
2,2418,0,1,0,0,24,1,18782,37,18,873,3,2,0,2,1,0,1,3,17,1,2,2,0
0,3619,1,3,0,1,21,3,9069,91,7,1381,3,2,1,2,1,0,1,2,16,4,3,1,0
0,2628,0,3,0,0,21,1,8904,69,15,1344,3,2,0,1,1,0,1,2,18,1,3,1,0
1,6799,0,2,0,7,42,12,13833,70,15,928,3,3,7,3,8,0,2,3,19,3,2,3,1
0,5385,0,3,0,7,28,10,8221,45,11,892,2,2,6,2,10,0,2,3,15,0,0,4,0
0,3530,0,2,0,0,27,5,14947,78,2,521,1,2,0,2,0,0,1,1,11,2,4,3,1
0,2381,1,3,0,2,29,4,14914,85,17,902,3,1,0,2,4,0,1,2,13,1,2,1,0
2,9870,0,1,0,2,33,10,11586,44,23,1012,2,2,2,2,3,0,3,2,14,8,2,2,0
0,10299,0,1,0,8,31,11,4906,61,2,702,2,2,8,3,11,0,2,2,11,0,3,3,1
0,2108,0,3,0,0,39,16,3336,60,5,1015,3,3,0,2,1,0,1,3,14,3,5,3,0
0,8189,0,2,0,7,45,9,21935,69,7,830,2,3,7,2,8,0,3,2,16,6,1,2,0
2,2621,0,3,0,2,30,6,22848,52,7,572,2,2,2,3,3,1,1,2,16,5,2,3,0
0,1913,1,2,0,0,18,0,13577,80,8,264,3,2,0,3,0,0,1,3,12,1,0,1,0
1,9272,1,4,1,7,49,24,14395,75,7,612,2,2,7,2,23,0,3,3,13,0,3,4,0
0,2309,1,2,1,8,52,13,3813,72,7,311,3,2,7,4,9,0,1,1,11,7,4,2,0
0,4618,0,3,0,2,26,4,24510,63,5,939,1,3,0,1,2,0,2,3,13,8,2,2,0
0,19762,1,1,0,4,55,26,21915,70,2,656,4,3,4,4,9,0,5,3,12,5,2,3,0
0,2189,0,2,1,1,26,5,6830,69,19,915,3,3,3,3,4,1,1,2,11,0,3,2,0
0,2223,0,2,1,0,24,1,3364,95,16,987,3,3,0,1,1,0,1,1,13,1,2,2,0
0,2957,0,1,0,0,31,2,21495,89,18,359,3,3,0,2,1,0,1,3,16,0,3,4,0
0,3345,0,1,0,2,35,9,6928,81,9,1191,3,2,2,2,4,0,1,2,22,6,4,3,0
1,6969,0,3,0,2,36,8,19264,83,7,1091,1,3,2,1,3,0,2,1,11,5,0,2,0
0,2430,0,3,0,1,43,3,10155,76,22,911,2,2,0,3,2,0,1,3,14,1,3,2,0
0,1676,0,3,0,0,19,0,18406,70,5,529,2,2,0,2,0,0,1,4,12,1,2,2,0
0,2580,1,3,0,1,34,3,10677,69,18,1240,1,1,1,3,3,0,1,2,11,1,2,3,1
0,4862,0,3,0,0,36,8,7947,81,14,699,1,2,0,2,1,0,2,2,13,7,2,3,0
0,3357,0,2,0,0,28,4,14881,74,3,511,1,2,0,3,0,0,1,1,11,1,4,3,0
0,2499,0,2,0,2,26,4,14326,47,13,1115,1,2,2,3,2,0,1,3,13,1,2,3,0
1,2852,0,3,1,1,29,5,15727,85,2,1413,1,2,1,4,2,0,1,3,15,3,3,3,0
0,16343,1,3,1,12,45,26,15712,58,8,1102,2,2,8,3,25,0,4,3,13,0,1,3,0
0,1879,0,2,0,0,22,1,26519,52,17,413,3,3,0,3,0,0,1,2,18,0,2,1,0
0,9192,0,2,0,2,31,7,25662,67,9,321,2,2,4,3,4,0,2,2,15,5,3,3,0
0,4814,0,2,0,0,50,7,17451,82,3,863,3,2,2,2,3,0,2,2,14,2,3,4,0
0,2065,0,4,0,0,24,3,18643,46,11,1079,2,2,1,1,2,0,1,2,12,3,2,2,0
0,2283,0,2,0,0,29,1,14644,73,19,454,3,2,0,2,1,0,1,2,21,1,2,2,1
0,2660,0,3,0,0,21,1,8824,64,16,1396,4,3,0,1,1,0,1,2,18,1,2,1,0
0,2121,0,2,0,0,39,15,3336,63,5,1085,2,3,1,2,2,0,1,2,14,3,4,3,0
1,9088,1,3,0,2,33,13,22710,69,11,439,1,3,2,1,3,0,3,3,11,3,3,2,0
0,3220,0,1,0,2,34,8,6809,79,10,1137,3,2,2,2,4,0,1,2,20,5,4,3,0
0,4346,0,1,0,1,25,5,15167,68,8,391,1,2,1,1,2,0,1,2,11,2,2,2,1
0,3906,0,1,0,5,35,12,7333,64,15,1038,2,2,5,2,9,0,1,3,23,4,3,4,0
0,6778,0,2,0,0,33,10,12287,36,1,985,1,1,0,2,0,0,2,3,15,5,2,2,1
0,1715,1,2,0,0,29,1,25223,89,3,999,4,3,0,1,1,0,1,3,15,1,2,3,1
0,2451,1,3,0,0,28,1,14755,73,23,459,3,2,0,2,0,0,1,1,23,1,3,2,1
0,4663,0,3,1,2,33,5,23622,63,14,1095,4,3,2,3,4,0,2,2,14,4,1,4,0
0,5554,0,3,0,0,46,22,19275,96,1,654,1,2,0,3,1,0,3,3,13,8,2,2,0
2,2505,0,2,0,0,26,1,18608,48,20,747,2,2,0,3,1,0,1,2,19,1,2,2,0
0,4961,0,1,0,2,26,7,21902,79,27,336,2,1,1,3,2,0,2,3,18,7,5,2,0
0,4671,0,1,0,2,29,6,21908,82,27,291,2,1,2,3,2,1,1,3,16,5,4,2,0
0,2381,0,3,1,0,25,5,3030,59,2,870,1,3,0,1,2,0,1,2,15,1,1,3,0
2,4780,0,3,1,2,29,4,26086,36,1,1076,1,2,2,2,2,0,1,3,13,8,2,3,0
2,3613,0,3,0,2,35,7,6453,52,13,521,1,1,2,1,3,0,1,3,13,5,2,1,0
0,4255,0,3,0,3,24,5,10102,34,4,670,2,3,3,1,4,0,2,4,20,0,2,1,0
0,3023,0,1,0,1,34,2,21581,81,18,727,3,3,0,3,2,0,1,2,18,0,4,3,0
2,4345,1,3,0,2,29,4,26049,40,1,908,1,3,2,1,2,1,1,3,14,7,3,3,0
0,8564,1,1,0,6,28,10,12277,71,24,1351,2,2,8,1,9,0,2,2,12,1,2,1,0
1,4924,1,2,0,0,35,9,7566,83,13,584,1,3,1,2,2,0,2,2,14,6,3,3,0
0,5363,0,4,0,7,44,11,21321,48,12,577,2,3,5,3,9,0,2,2,13,2,3,2,0
0,2700,1,3,1,1,23,2,4334,54,4,1060,2,1,1,2,1,0,1,2,11,0,4,4,0
0,4467,0,2,0,7,31,13,8060,51,20,897,1,2,8,3,12,0,1,3,21,0,2,3,0
0,2627,0,3,1,3,50,4,3786,83,3,778,1,2,2,3,4,0,1,2,13,2,2,2,0
0,6777,0,2,0,0,33,10,12283,36,1,985,1,1,0,2,0,0,2,3,15,5,2,2,1
0,2172,1,1,0,7,28,8,4269,71,4,503,1,1,7,4,7,0,1,2,12,4,4,2,0
0,2529,1,2,0,3,25,5,4044,57,1,950,1,1,3,3,3,0,1,3,12,3,4,2,1
0,2508,0,2,1,1,27,4,18440,61,23,537,3,2,0,2,1,0,1,3,16,3,2,4,0
0,2387,1,3,0,0,28,1,10597,55,22,1318,1,1,1,3,1,0,1,2,11,1,2,3,1
0,5522,0,3,0,5,46,11,21354,58,9,398,3,3,4,3,9,1,2,2,15,2,3,2,0
0,2284,0,1,0,2,23,4,9013,96,1,813,1,2,2,3,3,0,1,3,11,1,3,1,0
0,3976,1,3,0,3,23,5,20583,92,8,1316,3,2,2,1,4,1,1,3,11,1,2,1,0
0,2094,0,3,0,0,39,18,3335,57,5,940,3,3,0,2,1,0,1,3,14,3,5,3,0
0,8973,0,1,0,3,37,9,9815,64,9,175,1,3,3,3,4,0,2,2,18,1,3,3,0
0,2191,1,1,0,0,30,4,3357,86,12,1131,2,3,1,1,2,0,1,1,13,1,3,2,1
0,2753,0,3,0,1,26,2,22613,73,8,1472,2,3,1,3,2,0,1,2,12,1,4,1,0
0,2747,1,3,0,0,31,1,18069,83,25,380,1,2,1,2,1,0,1,1,22,1,2,4,0
0,1693,0,2,0,0,28,3,15758,53,1,508,1,1,0,2,1,0,1,3,12,3,2,3,1
0,6137,0,2,0,4,36,12,12685,78,27,633,2,3,4,3,6,0,2,3,18,3,2,2,0
0,2317,0,2,0,0,26,4,6991,59,12,953,2,2,2,2,3,1,1,3,12,0,2,2,0
0,1492,0,3,0,0,21,0,8049,71,14,947,2,1,0,4,0,0,1,3,14,1,3,1,0
0,3285,0,1,0,2,35,8,6870,80,9,1165,3,2,2,2,4,0,1,2,21,6,4,3,0
0,5245,0,3,0,2,31,8,8102,67,10,780,2,2,1,2,3,0,2,2,13,4,1,3,0
0,7893,0,3,0,7,29,9,22756,80,13,386,3,2,6,1,8,0,3,3,12,1,1,1,0
0,2536,0,1,0,2,27,6,8704,90,2,942,3,2,3,3,4,0,1,3,11,3,4,2,0
0,3564,1,1,0,1,36,10,17208,50,3,649,1,2,1,1,2,0,1,3,20,2,2,3,0
0,9732,0,1,0,7,43,16,10928,74,5,991,3,2,7,2,8,0,3,2,19,2,1,3,0
0,1932,1,3,0,0,20,1,13415,73,11,213,3,2,0,3,0,0,1,3,12,1,0,1,0
0,2402,1,3,0,0,30,2,14671,76,21,600,4,1,0,2,2,0,1,2,23,1,2,2,0
1,4266,0,1,0,1,42,6,5461,88,21,322,1,3,2,3,3,0,2,2,14,1,4,4,0
0,2499,1,2,0,1,43,4,10842,94,17,1039,2,2,0,3,2,0,1,3,17,3,3,2,1
1,3192,1,3,0,7,32,10,17400,43,5,878,2,2,5,1,7,0,1,2,13,3,1,3,0
0,2090,0,2,0,0,26,1,10572,47,24,1254,1,1,0,3,1,0,1,2,12,1,2,3,0
0,2094,0,1,0,0,22,1,26570,51,8,527,4,3,0,1,1,0,1,2,20,1,2,2,0
0,2745,1,3,0,1,41,6,20331,56,19,946,2,3,1,3,1,1,1,2,12,5,1,3,0
0,4706,0,3,1,2,32,5,23908,60,11,1467,4,3,2,3,4,0,2,2,12,7,1,4,0
0,5680,0,3,0,5,31,7,8767,59,5,1078,3,1,3,2,6,0,2,2,12,3,0,3,0
0,2484,0,3,0,2,29,3,14875,77,15,775,2,1,1,3,3,0,1,2,13,1,3,1,0
0,2317,0,1,0,5,28,9,7425,93,4,369,1,2,6,3,8,0,1,1,12,4,2,3,0
0,5852,0,3,1,4,31,10,21067,77,24,576,2,3,7,3,10,0,2,2,12,1,3,4,0
1,6367,0,3,0,7,39,11,13683,76,20,654,3,3,7,3,9,0,2,3,19,2,2,3,1
0,3356,0,2,0,0,33,2,21810,76,7,511,3,2,0,1,1,0,1,2,16,0,0,2,0
0,2124,0,4,0,1,29,5,9706,65,7,584,2,2,1,3,3,0,1,2,11,5,0,3,0
1,5719,0,3,0,4,41,10,21265,70,12,377,3,3,5,3,9,1,2,2,15,2,3,2,0
0,2035,0,2,0,0,22,1,8155,63,3,1214,2,3,0,2,1,0,1,3,12,1,2,3,0
0,8203,0,1,0,1,32,7,18587,74,11,759,1,3,2,1,3,0,2,3,15,0,2,4,0
0,3804,0,2,0,3,26,4,20834,87,10,1327,3,2,2,1,4,0,1,2,13,1,2,1,0
0,8087,0,4,0,7,44,9,14043,72,14,624,1,2,5,4,9,1,3,3,11,1,2,2,0
0,2751,0,3,1,1,33,1,3166,51,8,1119,1,2,1,3,1,0,1,3,14,0,0,4,0
0,3856,1,3,0,1,21,3,9120,97,4,1369,3,2,1,2,1,0,1,2,16,4,3,1,0
0,8869,0,1,0,2,36,9,9885,67,11,184,1,3,2,3,3,0,2,2,19,1,3,3,0
0,3722,1,3,0,1,21,3,9092,94,5,1376,3,2,1,2,1,0,1,2,16,4,3,1,0
0,2010,1,3,0,1,26,5,13035,54,21,123,3,2,2,2,3,0,1,3,13,4,3,2,0
0,14159,0,2,0,7,43,22,25992,58,2,355,3,2,4,3,15,0,3,2,12,7,2,4,0
0,2533,0,2,0,0,29,3,11615,91,7,837,3,2,0,3,0,0,1,3,17,6,4,3,1
0,2448,0,4,0,1,23,1,17419,62,13,664,3,3,1,2,1,0,1,2,16,1,2,3,0
0,4068,1,3,0,2,22,4,9690,58,3,895,2,2,2,1,2,0,1,3,17,1,3,1,0
0,5812,0,4,0,5,36,8,20243,79,12,935,1,3,6,1,7,0,2,1,11,4,1,2,0
0,2399,1,3,0,0,30,2,14665,76,21,610,4,1,0,2,2,0,1,2,23,1,2,2,0
0,2764,0,3,0,1,26,2,22598,72,8,1471,2,3,1,3,2,0,1,2,12,1,4,1,0
0,2035,0,2,0,2,26,6,21983,60,4,554,3,2,1,3,2,0,1,1,13,1,3,3,0
0,13154,0,1,0,8,40,20,2876,46,10,519,2,2,12,2,19,0,3,2,11,0,2,3,1
0,3994,0,1,0,1,34,8,4876,77,18,956,1,1,5,2,8,0,1,3,20,1,4,1,1
0,1667,0,1,0,0,29,2,10491,45,16,553,3,3,0,2,1,0,1,3,19,0,1,2,0
0,2755,0,1,0,2,29,2,14628,52,9,433,2,1,1,2,2,0,1,3,13,1,2,3,0
1,9737,0,2,0,1,39,15,22371,61,9,605,1,3,1,2,2,0,3,2,12,6,4,3,0
1,3387,1,2,0,5,30,10,17268,41,6,771,1,2,5,1,6,0,1,3,14,2,2,3,0
0,2523,0,3,0,1,28,1,22972,78,11,1450,2,2,0,3,1,0,1,2,11,1,3,1,0
0,1862,0,3,0,0,18,0,18378,77,5,701,2,2,0,2,0,1,1,3,12,1,2,2,0
0,4280,0,3,0,2,27,4,9224,95,5,1369,2,1,2,2,2,0,1,2,15,5,2,1,0
0,1600,1,2,0,0,30,2,25023,85,5,1026,4,3,1,1,2,0,1,3,12,1,2,4,1
0,8394,0,3,0,4,28,7,23084,84,13,753,3,3,5,2,5,0,2,3,11,1,0,1,0
0,5461,0,3,0,2,42,18,19904,86,9,669,1,2,2,3,4,0,2,3,12,6,2,2,0
0,3563,1,3,0,2,32,4,10417,64,6,853,2,3,2,1,4,0,1,3,15,0,3,2,1
1,2202,0,3,0,1,31,6,9781,63,7,659,2,2,2,3,4,0,1,2,11,6,0,3,0
0,4114,0,2,0,5,35,8,10224,37,13,736,3,2,4,2,7,0,1,2,24,1,2,4,0
0,1997,1,3,0,0,27,1,22911,55,18,385,2,1,0,2,1,0,1,1,16,1,3,3,0
0,2378,0,3,0,0,29,1,14710,73,22,457,3,2,0,2,1,0,1,2,23,1,2,2,1
0,1954,0,1,0,1,19,1,7981,73,4,1135,1,2,1,3,1,0,1,2,13,1,2,3,0
0,5330,0,2,0,1,34,10,5628,83,12,654,2,3,5,2,6,0,2,2,15,5,3,3,0
0,5628,0,3,0,5,33,7,8880,63,6,1124,2,1,3,2,6,0,2,2,12,3,0,3,0
0,3021,1,1,0,0,25,4,16947,89,11,348,2,3,1,2,1,0,1,2,12,1,2,3,0
0,7726,0,1,0,0,35,13,10650,72,21,639,1,3,0,2,0,0,2,2,19,4,2,2,0
0,4892,0,2,0,3,31,9,22730,79,9,997,3,2,1,1,9,0,2,3,18,1,3,2,0
0,2421,0,1,0,0,29,3,11497,91,9,896,3,2,0,3,0,0,1,3,19,6,4,3,1
1,2302,0,3,0,0,25,5,3050,59,3,711,1,2,0,1,2,0,1,2,15,2,2,3,0
1,2748,1,3,0,2,31,3,6314,66,14,824,2,2,2,2,2,1,1,2,12,2,4,2,0
0,3248,0,2,1,0,34,2,21685,82,11,331,4,2,0,1,1,0,1,2,17,0,1,3,0
0,1181,0,1,0,0,29,1,10618,45,22,715,3,3,0,3,1,0,1,3,17,0,2,2,0
0,2187,0,2,0,0,26,5,6913,66,18,927,3,2,3,2,4,1,1,3,11,0,2,2,0
2,9869,0,1,0,3,34,10,11269,52,18,1035,2,3,3,2,4,0,3,3,16,7,2,3,0
0,12469,0,2,0,5,48,19,10015,71,16,502,1,3,6,3,13,0,3,2,16,6,2,3,0
0,2151,1,1,0,1,27,6,15338,54,2,312,1,3,2,1,3,0,1,3,14,5,2,2,1
0,2551,0,1,0,1,29,7,6920,73,16,1015,3,2,3,2,5,0,1,3,14,2,3,2,0
0,2426,1,3,0,0,25,1,19410,39,19,1288,1,2,0,2,1,0,1,2,19,1,0,3,0
1,2192,0,2,1,0,26,3,3366,91,15,971,4,3,0,1,1,0,1,1,13,1,3,2,0
0,7615,0,3,0,7,30,9,22832,82,13,385,2,3,7,1,8,0,3,2,12,0,1,1,0
0,6954,0,1,0,0,37,16,11166,70,27,1035,1,3,0,2,0,0,2,2,19,6,2,1,0
0,10087,0,1,0,6,31,10,22411,69,11,1094,4,2,0,3,7,0,2,3,14,6,1,2,0
2,9673,0,1,0,1,33,11,11245,49,21,833,1,3,1,3,2,0,3,2,15,7,2,3,0
0,2284,0,1,0,1,28,3,25991,54,5,223,2,3,1,1,2,0,1,2,17,0,3,3,0
0,2507,0,3,0,0,27,4,18998,39,18,1385,2,2,2,1,3,0,1,2,12,3,2,3,0
0,2104,0,2,0,0,19,1,9935,37,20,417,3,2,0,2,1,0,1,3,13,1,3,3,0
0,2575,0,2,0,0,26,1,19447,45,21,1332,1,2,0,2,1,0,1,2,16,1,0,3,0
0,4081,1,1,0,3,36,10,5010,58,9,383,4,3,8,2,10,0,1,1,14,1,3,4,0
0,3983,1,1,0,2,33,10,4749,68,14,958,2,1,7,2,10,0,1,2,20,1,4,1,0
2,3050,0,3,0,2,31,7,6757,46,12,681,1,1,3,1,4,1,1,3,12,5,2,1,0
0,5610,0,3,0,6,31,10,21028,63,25,750,1,2,7,3,9,0,2,3,11,1,3,3,0
0,3482,0,1,0,2,36,9,7031,81,9,1188,2,2,2,2,4,0,1,2,22,7,3,3,0
0,2421,1,3,0,1,31,7,15231,56,8,398,1,3,2,1,4,0,1,2,13,2,2,1,0
0,2443,1,3,0,1,41,3,10406,73,24,1257,1,2,0,3,2,0,1,2,14,1,2,2,1
0,2017,0,1,0,0,22,1,26668,46,8,555,4,3,0,1,1,0,1,2,20,1,2,2,0
0,2129,0,2,0,0,25,5,6969,69,18,946,3,3,3,3,4,0,1,3,11,0,3,2,0
1,4788,0,3,1,3,33,8,23000,74,10,939,4,3,1,1,7,0,2,2,18,0,1,2,0
0,3935,0,1,0,3,40,15,22472,85,19,1466,1,2,3,1,4,0,1,3,18,2,2,1,0
0,6016,0,3,0,3,39,8,19674,94,3,1006,2,3,5,1,6,0,2,1,11,7,0,2,0
0,9700,1,3,0,7,44,26,13885,76,9,852,2,2,9,1,25,0,3,2,14,0,3,4,0
0,2215,1,2,0,6,27,9,3838,69,2,676,1,1,6,3,6,0,1,2,13,6,3,2,1
0,1702,0,3,0,0,18,0,18401,73,4,615,2,2,0,2,0,1,1,3,12,1,2,2,0
0,2402,1,2,0,2,27,6,25694,53,13,127,3,3,5,3,6,0,1,3,14,0,2,3,0
1,4563,0,3,1,2,31,4,24673,70,19,551,2,1,2,3,2,0,2,2,11,2,1,3,0
0,2275,0,1,0,2,22,4,9024,96,1,808,1,2,2,3,3,0,1,3,11,1,3,1,0
0,6190,0,1,0,3,30,9,22933,59,20,544,3,2,1,2,7,0,2,2,15,3,4,3,0
1,6665,0,2,0,7,41,12,13786,72,17,843,3,3,7,3,8,0,2,3,19,3,2,3,1
0,7830,0,3,0,7,36,9,22496,77,11,552,2,3,7,1,8,0,3,2,14,2,1,1,0
2,4767,0,3,1,2,29,4,26007,39,2,1043,1,2,2,2,2,0,1,3,13,8,2,3,0
0,2299,0,1,0,5,28,9,7368,90,6,428,1,2,6,3,7,0,1,1,12,4,2,3,0
1,2471,0,2,1,0,26,3,18578,51,21,664,3,2,0,2,1,0,1,3,17,2,2,3,0
0,11781,0,1,0,6,44,24,2352,91,1,1387,1,1,6,3,20,0,3,3,14,7,1,2,0
0,3336,0,2,0,1,25,2,19988,72,16,1329,2,2,0,1,2,0,1,3,11,1,2,2,0
0,2010,0,1,0,0,31,1,21922,58,12,271,2,2,0,3,1,0,1,3,14,0,3,3,0
